id,key,prefab,node,x,y,width,height,scaleX,scaleY,fontSize,lineHeight,fontFamily,color,outlineColor,outlineWidth,horizontalAlign,verticalAlign,overflow,active,skinKey,note
1,battle_hud:root,battle_hud,@,0,0,390,693.68,1,1,0,0,,,,0,1,1,0,1,,参考图逐页复核；保留节点绑定
2,battle_hud:Header,battle_hud,Header,0,316,390,48,1,1,0,0,,,,0,1,1,0,1,,参考图逐页复核；保留节点绑定
3,battle_hud:Header/Background,battle_hud,Header/Background,0,1.5,390,72,1,1,0,0,,,,0,1,1,0,0,window_flat,参考图逐页复核；保留节点绑定
4,battle_hud:Header/Background/Artwork,battle_hud,Header/Background/Artwork,0,0,390,72,1,1,0,0,,,,0,1,1,0,1,,参考图逐页复核；保留节点绑定
5,battle_hud:Header/Rim,battle_hud,Header/Rim,0,33.5,390,2,1,1,0,0,,,,0,1,1,0,0,round_0,参考图逐页复核；保留节点绑定
6,battle_hud:Header/Rim/Artwork,battle_hud,Header/Rim/Artwork,0,0,390,2,1,1,0,0,,,,0,1,1,0,1,,参考图逐页复核；保留节点绑定
7,battle_hud:Header/Awning0,battle_hud,Header/Awning0,-182,-34.5,26,6,1,1,0,0,,,,0,1,1,0,0,round_2,参考图逐页复核；保留节点绑定
8,battle_hud:Header/Awning0/Artwork,battle_hud,Header/Awning0/Artwork,0,0,26,6,1,1,0,0,,,,0,1,1,0,1,,参考图逐页复核；保留节点绑定
9,battle_hud:Header/Awning1,battle_hud,Header/Awning1,-156,-34.5,26,6,1,1,0,0,,,,0,1,1,0,0,round_2,参考图逐页复核；保留节点绑定
10,battle_hud:Header/Awning1/Artwork,battle_hud,Header/Awning1/Artwork,0,0,26,6,1,1,0,0,,,,0,1,1,0,1,,参考图逐页复核；保留节点绑定
11,battle_hud:Header/Awning2,battle_hud,Header/Awning2,-130,-34.5,26,6,1,1,0,0,,,,0,1,1,0,0,round_2,参考图逐页复核；保留节点绑定
12,battle_hud:Header/Awning2/Artwork,battle_hud,Header/Awning2/Artwork,0,0,26,6,1,1,0,0,,,,0,1,1,0,1,,参考图逐页复核；保留节点绑定
13,battle_hud:Header/Awning3,battle_hud,Header/Awning3,-104,-34.5,26,6,1,1,0,0,,,,0,1,1,0,0,round_2,参考图逐页复核；保留节点绑定
14,battle_hud:Header/Awning3/Artwork,battle_hud,Header/Awning3/Artwork,0,0,26,6,1,1,0,0,,,,0,1,1,0,1,,参考图逐页复核；保留节点绑定
15,battle_hud:Header/Awning4,battle_hud,Header/Awning4,-78,-34.5,26,6,1,1,0,0,,,,0,1,1,0,0,round_2,参考图逐页复核；保留节点绑定
16,battle_hud:Header/Awning4/Artwork,battle_hud,Header/Awning4/Artwork,0,0,26,6,1,1,0,0,,,,0,1,1,0,1,,参考图逐页复核；保留节点绑定
17,battle_hud:Header/Awning5,battle_hud,Header/Awning5,-52,-34.5,26,6,1,1,0,0,,,,0,1,1,0,0,round_2,参考图逐页复核；保留节点绑定
18,battle_hud:Header/Awning5/Artwork,battle_hud,Header/Awning5/Artwork,0,0,26,6,1,1,0,0,,,,0,1,1,0,1,,参考图逐页复核；保留节点绑定
19,battle_hud:Header/Awning6,battle_hud,Header/Awning6,-26,-34.5,26,6,1,1,0,0,,,,0,1,1,0,0,round_2,参考图逐页复核；保留节点绑定
20,battle_hud:Header/Awning6/Artwork,battle_hud,Header/Awning6/Artwork,0,0,26,6,1,1,0,0,,,,0,1,1,0,1,,参考图逐页复核；保留节点绑定
21,battle_hud:Header/Awning7,battle_hud,Header/Awning7,0,-34.5,26,6,1,1,0,0,,,,0,1,1,0,0,round_2,参考图逐页复核；保留节点绑定
22,battle_hud:Header/Awning7/Artwork,battle_hud,Header/Awning7/Artwork,0,0,26,6,1,1,0,0,,,,0,1,1,0,1,,参考图逐页复核；保留节点绑定
23,battle_hud:Header/Awning8,battle_hud,Header/Awning8,26,-34.5,26,6,1,1,0,0,,,,0,1,1,0,0,round_2,参考图逐页复核；保留节点绑定
24,battle_hud:Header/Awning8/Artwork,battle_hud,Header/Awning8/Artwork,0,0,26,6,1,1,0,0,,,,0,1,1,0,1,,参考图逐页复核；保留节点绑定
25,battle_hud:Header/Awning9,battle_hud,Header/Awning9,52,-34.5,26,6,1,1,0,0,,,,0,1,1,0,0,round_2,参考图逐页复核；保留节点绑定
26,battle_hud:Header/Awning9/Artwork,battle_hud,Header/Awning9/Artwork,0,0,26,6,1,1,0,0,,,,0,1,1,0,1,,参考图逐页复核；保留节点绑定
27,battle_hud:Header/Awning10,battle_hud,Header/Awning10,78,-34.5,26,6,1,1,0,0,,,,0,1,1,0,0,round_2,参考图逐页复核；保留节点绑定
28,battle_hud:Header/Awning10/Artwork,battle_hud,Header/Awning10/Artwork,0,0,26,6,1,1,0,0,,,,0,1,1,0,1,,参考图逐页复核；保留节点绑定
29,battle_hud:Header/Awning11,battle_hud,Header/Awning11,104,-34.5,26,6,1,1,0,0,,,,0,1,1,0,0,round_2,参考图逐页复核；保留节点绑定
30,battle_hud:Header/Awning11/Artwork,battle_hud,Header/Awning11/Artwork,0,0,26,6,1,1,0,0,,,,0,1,1,0,1,,参考图逐页复核；保留节点绑定
31,battle_hud:Header/Awning12,battle_hud,Header/Awning12,130,-34.5,26,6,1,1,0,0,,,,0,1,1,0,0,round_2,参考图逐页复核；保留节点绑定
32,battle_hud:Header/Awning12/Artwork,battle_hud,Header/Awning12/Artwork,0,0,26,6,1,1,0,0,,,,0,1,1,0,1,,参考图逐页复核；保留节点绑定
33,battle_hud:Header/Awning13,battle_hud,Header/Awning13,156,-34.5,26,6,1,1,0,0,,,,0,1,1,0,0,round_2,参考图逐页复核；保留节点绑定
34,battle_hud:Header/Awning13/Artwork,battle_hud,Header/Awning13/Artwork,0,0,26,6,1,1,0,0,,,,0,1,1,0,1,,参考图逐页复核；保留节点绑定
35,battle_hud:Header/Awning14,battle_hud,Header/Awning14,182,-34.5,26,6,1,1,0,0,,,,0,1,1,0,0,round_2,参考图逐页复核；保留节点绑定
36,battle_hud:Header/Awning14/Artwork,battle_hud,Header/Awning14/Artwork,0,0,26,6,1,1,0,0,,,,0,1,1,0,1,,参考图逐页复核；保留节点绑定
37,battle_hud:Header/BrandSeal,battle_hud,Header/BrandSeal,-171,13.5,22,22,1,1,0,0,,,,0,1,1,0,0,disc,参考图逐页复核；保留节点绑定
38,battle_hud:Header/BrandSeal/Artwork,battle_hud,Header/BrandSeal/Artwork,0,0,22,22,1,1,0,0,,,,0,1,1,0,1,,参考图逐页复核；保留节点绑定
39,battle_hud:Header/LeafLeft,battle_hud,Header/LeafLeft,-174,16.5,10,6,1,1,0,0,,,,0,1,1,0,0,disc,参考图逐页复核；保留节点绑定
40,battle_hud:Header/LeafLeft/Artwork,battle_hud,Header/LeafLeft/Artwork,0,0,10,6,1,1,0,0,,,,0,1,1,0,1,,参考图逐页复核；保留节点绑定
41,battle_hud:Header/LeafRight,battle_hud,Header/LeafRight,-168,10.5,10,6,1,1,0,0,,,,0,1,1,0,0,disc,参考图逐页复核；保留节点绑定
42,battle_hud:Header/LeafRight/Artwork,battle_hud,Header/LeafRight/Artwork,0,0,10,6,1,1,0,0,,,,0,1,1,0,1,,参考图逐页复核；保留节点绑定
43,battle_hud:Header/LevelSurface,battle_hud,Header/LevelSurface,-152,-14,62,23,1,1,0,0,,,,0,1,1,0,0,window_flat,参考图逐页复核；保留节点绑定
44,battle_hud:Header/LevelSurface/Artwork,battle_hud,Header/LevelSurface/Artwork,0,0,62,23,1,1,0,0,,,,0,1,1,0,1,,参考图逐页复核；保留节点绑定
45,battle_hud:Header/WaveSurface,battle_hud,Header/WaveSurface,20,0,101,32,1,1,0,0,,,,0,1,1,0,1,counter_green,参考图逐页复核；保留节点绑定
46,battle_hud:Header/WaveSurface/Artwork,battle_hud,Header/WaveSurface/Artwork,0,0,60,23,1,1,0,0,,,,0,1,1,0,1,,参考图逐页复核；保留节点绑定
47,battle_hud:Header/CoinSurface,battle_hud,Header/CoinSurface,-150,0,66,32,1,1,0,0,,,,0,1,1,0,1,,参考图逐页复核；保留节点绑定
48,battle_hud:Header/CoinSurface/Shadow,battle_hud,Header/CoinSurface/Shadow,0,-3,50,48,1,1,0,0,,,,0,1,1,0,0,window_flat,参考图逐页复核；保留节点绑定
49,battle_hud:Header/CoinSurface/Shadow/Artwork,battle_hud,Header/CoinSurface/Shadow/Artwork,0,0,50,48,1,1,0,0,,,,0,1,1,0,1,,参考图逐页复核；保留节点绑定
50,battle_hud:Header/CoinSurface/Surface,battle_hud,Header/CoinSurface/Surface,0,0,66,32,1,1,0,0,,,,0,1,1,0,1,counter_green,参考图逐页复核；保留节点绑定
51,battle_hud:Header/CoinSurface/Surface/Artwork,battle_hud,Header/CoinSurface/Surface/Artwork,0,0,50,48,1,1,0,0,,,,0,1,1,0,1,,参考图逐页复核；保留节点绑定
52,battle_hud:Header/CoinSurface/Outline,battle_hud,Header/CoinSurface/Outline,0,0,50,48,1,1,0,0,,,,0,1,1,0,0,outline_14_1p8,参考图逐页复核；保留节点绑定
53,battle_hud:Header/CoinSurface/Outline/Artwork,battle_hud,Header/CoinSurface/Outline/Artwork,0,0,54,52,1,1,0,0,,,,0,1,1,0,1,,参考图逐页复核；保留节点绑定
54,battle_hud:Header/CoinSurface/Highlight,battle_hud,Header/CoinSurface/Highlight,0,20,36,2,1,1,0,0,,,,0,1,1,0,0,shape_7c9f638f0a,参考图逐页复核；保留节点绑定
55,battle_hud:Header/CoinSurface/Highlight/Artwork,battle_hud,Header/CoinSurface/Highlight/Artwork,0,0,42,8,1,1,0,0,,,,0,1,1,0,1,,参考图逐页复核；保留节点绑定
56,battle_hud:Header/LivesSurface,battle_hud,Header/LivesSurface,-73,0,64,32,1,1,0,0,,,,0,1,1,0,1,,参考图逐页复核；保留节点绑定
57,battle_hud:Header/LivesSurface/Shadow,battle_hud,Header/LivesSurface/Shadow,0,-3,50,48,1,1,0,0,,,,0,1,1,0,0,window_flat,参考图逐页复核；保留节点绑定
58,battle_hud:Header/LivesSurface/Shadow/Artwork,battle_hud,Header/LivesSurface/Shadow/Artwork,0,0,50,48,1,1,0,0,,,,0,1,1,0,1,,参考图逐页复核；保留节点绑定
59,battle_hud:Header/LivesSurface/Surface,battle_hud,Header/LivesSurface/Surface,0,0,64,32,1,1,0,0,,,,0,1,1,0,1,counter_green,参考图逐页复核；保留节点绑定
60,battle_hud:Header/LivesSurface/Surface/Artwork,battle_hud,Header/LivesSurface/Surface/Artwork,0,0,50,48,1,1,0,0,,,,0,1,1,0,1,,参考图逐页复核；保留节点绑定
61,battle_hud:Header/LivesSurface/Outline,battle_hud,Header/LivesSurface/Outline,0,0,50,48,1,1,0,0,,,,0,1,1,0,0,outline_14_1p8,参考图逐页复核；保留节点绑定
62,battle_hud:Header/LivesSurface/Outline/Artwork,battle_hud,Header/LivesSurface/Outline/Artwork,0,0,54,52,1,1,0,0,,,,0,1,1,0,1,,参考图逐页复核；保留节点绑定
63,battle_hud:Header/LivesSurface/Highlight,battle_hud,Header/LivesSurface/Highlight,0,20,18,2,1,1,0,0,,,,0,1,1,0,0,shape_10f273c7ff,参考图逐页复核；保留节点绑定
64,battle_hud:Header/LivesSurface/Highlight/Artwork,battle_hud,Header/LivesSurface/Highlight/Artwork,0,0,24,8,1,1,0,0,,,,0,1,1,0,1,,参考图逐页复核；保留节点绑定
65,battle_hud:Header/Speed,battle_hud,Header/Speed,103,0,56,29,1,1,0,0,,,,0,1,1,0,1,,参考图逐页复核；保留节点绑定
66,battle_hud:Header/Speed/Shadow,battle_hud,Header/Speed/Shadow,0,-3,50,48,1,1,0,0,,,,0,1,1,0,0,window_flat,参考图逐页复核；保留节点绑定
67,battle_hud:Header/Speed/Shadow/Artwork,battle_hud,Header/Speed/Shadow/Artwork,0,0,50,48,1,1,0,0,,,,0,1,1,0,1,,参考图逐页复核；保留节点绑定
68,battle_hud:Header/Speed/Surface,battle_hud,Header/Speed/Surface,0,0,56,32,1,1,0,0,,,,0,1,1,0,1,button_green,参考图逐页复核；保留节点绑定
69,battle_hud:Header/Speed/Surface/Artwork,battle_hud,Header/Speed/Surface/Artwork,0,0,50,48,1,1,0,0,,,,0,1,1,0,1,,参考图逐页复核；保留节点绑定
70,battle_hud:Header/Speed/Outline,battle_hud,Header/Speed/Outline,0,0,50,48,1,1,0,0,,,,0,1,1,0,0,outline_14_1p8,参考图逐页复核；保留节点绑定
71,battle_hud:Header/Speed/Outline/Artwork,battle_hud,Header/Speed/Outline/Artwork,0,0,54,52,1,1,0,0,,,,0,1,1,0,1,,参考图逐页复核；保留节点绑定
72,battle_hud:Header/Speed/Highlight,battle_hud,Header/Speed/Highlight,0,20,22,2,1,1,0,0,,,,0,1,1,0,0,shape_aa65f74e17,参考图逐页复核；保留节点绑定
73,battle_hud:Header/Speed/Highlight/Artwork,battle_hud,Header/Speed/Highlight/Artwork,0,0,28,8,1,1,0,0,,,,0,1,1,0,1,,参考图逐页复核；保留节点绑定
74,battle_hud:Header/Speed/Disabled,battle_hud,Header/Speed/Disabled,0,0,50,48,1,1,0,0,,,,0,1,1,0,0,button_disabled,参考图逐页复核；保留节点绑定
75,battle_hud:Header/Speed/Disabled/Artwork,battle_hud,Header/Speed/Disabled/Artwork,0,0,50,48,1,1,0,0,,,,0,1,1,0,1,,参考图逐页复核；保留节点绑定
76,battle_hud:Header/Speed/Text,battle_hud,Header/Speed/Text,0,0,53,27,1,1,18,24,Microsoft YaHei,#ffffff,#6a3925,0,1,1,2,1,,参考图逐页复核；保留节点绑定
77,battle_hud:Header/Pause,battle_hud,Header/Pause,155,0,35,29,1,1,0,0,,,,0,1,1,0,1,,参考图逐页复核；保留节点绑定
78,battle_hud:Header/Pause/Shadow,battle_hud,Header/Pause/Shadow,0,-3,50,48,1,1,0,0,,,,0,1,1,0,0,window_flat,参考图逐页复核；保留节点绑定
79,battle_hud:Header/Pause/Shadow/Artwork,battle_hud,Header/Pause/Shadow/Artwork,0,0,50,48,1,1,0,0,,,,0,1,1,0,1,,参考图逐页复核；保留节点绑定
80,battle_hud:Header/Pause/Surface,battle_hud,Header/Pause/Surface,0,0,35,29,1,1,0,0,,,,0,1,1,0,0,window_mint,参考图逐页复核；保留节点绑定
81,battle_hud:Header/Pause/Surface/Artwork,battle_hud,Header/Pause/Surface/Artwork,0,0,50,48,1,1,0,0,,,,0,1,1,0,1,,参考图逐页复核；保留节点绑定
82,battle_hud:Header/Pause/Outline,battle_hud,Header/Pause/Outline,0,0,50,48,1,1,0,0,,,,0,1,1,0,0,outline_14_1p8,参考图逐页复核；保留节点绑定
83,battle_hud:Header/Pause/Outline/Artwork,battle_hud,Header/Pause/Outline/Artwork,0,0,54,52,1,1,0,0,,,,0,1,1,0,1,,参考图逐页复核；保留节点绑定
84,battle_hud:Header/Pause/Highlight,battle_hud,Header/Pause/Highlight,0,20,22,2,1,1,0,0,,,,0,1,1,0,0,shape_aa65f74e17,参考图逐页复核；保留节点绑定
85,battle_hud:Header/Pause/Highlight/Artwork,battle_hud,Header/Pause/Highlight/Artwork,0,0,28,8,1,1,0,0,,,,0,1,1,0,1,,参考图逐页复核；保留节点绑定
86,battle_hud:Header/Pause/Disabled,battle_hud,Header/Pause/Disabled,0,0,50,48,1,1,0,0,,,,0,1,1,0,0,button_disabled,参考图逐页复核；保留节点绑定
87,battle_hud:Header/Pause/Disabled/Artwork,battle_hud,Header/Pause/Disabled/Artwork,0,0,50,48,1,1,0,0,,,,0,1,1,0,1,,参考图逐页复核；保留节点绑定
88,battle_hud:Header/Pause/Icon,battle_hud,Header/Pause/Icon,0,0,35,34.87226277372263,1,1,0,0,,,,0,1,1,0,1,icon_pause,参考图逐页复核；保留节点绑定
89,battle_hud:Header/Pause/Icon/Artwork,battle_hud,Header/Pause/Icon/Artwork,0,0,35,34.87226277372263,1,1,0,0,,,,0,1,1,0,1,,参考图逐页复核；保留节点绑定
90,battle_hud:Header/Pause/Text,battle_hud,Header/Pause/Text,0,0,42,44,1,1,21,25,Microsoft YaHei,#5c3020,,0,1,1,2,0,,参考图逐页复核；保留节点绑定
91,battle_hud:Header/title,battle_hud,Header/title,-110,13.5,106,28,1,1,15,19,Microsoft YaHei,#5c3020,,0,1,1,2,0,,参考图逐页复核；保留节点绑定
92,battle_hud:Header/level,battle_hud,Header/level,-152,-13.5,64,24,1,1,13,17,Microsoft YaHei,#5c3020,,0,1,1,2,0,,参考图逐页复核；保留节点绑定
93,battle_hud:Header/wave,battle_hud,Header/wave,24,0,92,28,1,1,19,24,Microsoft YaHei,#4c1c12,,0,1,1,2,1,,参考图逐页复核；保留节点绑定
94,battle_hud:Header/CoinIcon,battle_hud,Header/CoinIcon,-177,0,30,30,1,1,0,0,,,,0,1,1,0,1,,参考图逐页复核；保留节点绑定
95,battle_hud:Header/CoinIcon/Coin,battle_hud,Header/CoinIcon/Coin,0,0,38,38,1,1,0,0,,,,0,1,1,0,1,icon_coin,参考图逐页复核；保留节点绑定
96,battle_hud:Header/CoinIcon/Coin/Artwork,battle_hud,Header/CoinIcon/Coin/Artwork,0,0,30,25.463917525773194,1,1,0,0,,,,0,1,1,0,1,,参考图逐页复核；保留节点绑定
97,battle_hud:Header/coin,battle_hud,Header/coin,-143,0,48,28,1,1,19,24,Microsoft YaHei,#4c1c12,,0,1,1,2,1,,参考图逐页复核；保留节点绑定
98,battle_hud:Header/lives,battle_hud,Header/lives,-67,0,40,28,1,1,19,24,Microsoft YaHei,#4c1c12,,0,1,1,2,1,,参考图逐页复核；保留节点绑定
99,battle_hud:Header/Heart,battle_hud,Header/Heart,28,1.5,34,26,1,1,0,0,,,,0,1,1,0,0,shape_174ccb03a7,参考图逐页复核；保留节点绑定
100,battle_hud:Header/Heart/Artwork,battle_hud,Header/Heart/Artwork,0,0,40,32,1,1,0,0,,,,0,1,1,0,1,,参考图逐页复核；保留节点绑定
101,battle_hud:Header/HeartIcon,battle_hud,Header/HeartIcon,-105,0,39,39,1,1,0,0,,,,0,1,1,0,1,icon_heart,参考图逐页复核；保留节点绑定
102,battle_hud:Header/HeartIcon/Artwork,battle_hud,Header/HeartIcon/Artwork,0,0,33,29.11764705882353,1,1,0,0,,,,0,1,1,0,1,,参考图逐页复核；保留节点绑定
103,battle_hud:Header/Avatar,battle_hud,Header/Avatar,-28,0,39,39,1,1,0,0,,,,0,1,1,0,1,icon_avatar,参考图逐页复核；保留节点绑定
104,battle_hud:Header/Avatar/Artwork,battle_hud,Header/Avatar/Artwork,0,0,33,29.847133757961785,1,1,0,0,,,,0,1,1,0,1,,参考图逐页复核；保留节点绑定
105,battle_hud:Footer,battle_hud,Footer,0,-293,390,91,1,1,0,0,,,,0,1,1,0,1,,参考图逐页复核；保留节点绑定
106,battle_hud:Footer/Background,battle_hud,Footer/Background,0,0,390,85,1,1,0,0,,,,0,1,1,0,0,window_flat,参考图逐页复核；保留节点绑定
107,battle_hud:Footer/Background/Artwork,battle_hud,Footer/Background/Artwork,0,0,390,85,1,1,0,0,,,,0,1,1,0,1,,参考图逐页复核；保留节点绑定
108,battle_hud:Footer/Rim,battle_hud,Footer/Rim,0,-3,376,85,1,1,0,0,,,,0,1,1,0,0,window_flat,参考图逐页复核；保留节点绑定
109,battle_hud:Footer/Rim/Artwork,battle_hud,Footer/Rim/Artwork,0,0,376,85,1,1,0,0,,,,0,1,1,0,1,,参考图逐页复核；保留节点绑定
110,battle_hud:Footer/Surface,battle_hud,Footer/Surface,0,-3.5,368,78,1,1,0,0,,,,0,1,1,0,0,window_flat,参考图逐页复核；保留节点绑定
111,battle_hud:Footer/Surface/Artwork,battle_hud,Footer/Surface/Artwork,0,0,368,78,1,1,0,0,,,,0,1,1,0,1,,参考图逐页复核；保留节点绑定
112,battle_hud:Footer/Shop,battle_hud,Footer/Shop,-150,-0.5,50,42,1,1,0,0,,,,0,1,1,0,0,,参考图逐页复核；保留节点绑定
113,battle_hud:Footer/Shop/Body,battle_hud,Footer/Shop/Body,0,-2,46,38,1,1,0,0,,,,0,1,1,0,1,,参考图逐页复核；保留节点绑定
114,battle_hud:Footer/Shop/Body/Shadow,battle_hud,Footer/Shop/Body/Shadow,0,-3,46,38,1,1,0,0,,,,0,1,1,0,0,window_flat,参考图逐页复核；保留节点绑定
115,battle_hud:Footer/Shop/Body/Shadow/Artwork,battle_hud,Footer/Shop/Body/Shadow/Artwork,0,0,46,38,1,1,0,0,,,,0,1,1,0,1,,参考图逐页复核；保留节点绑定
116,battle_hud:Footer/Shop/Body/Surface,battle_hud,Footer/Shop/Body/Surface,0,0,46,38,1,1,0,0,,,,0,1,1,0,1,window_flat,参考图逐页复核；保留节点绑定
117,battle_hud:Footer/Shop/Body/Surface/Artwork,battle_hud,Footer/Shop/Body/Surface/Artwork,0,0,46,38,1,1,0,0,,,,0,1,1,0,1,,参考图逐页复核；保留节点绑定
118,battle_hud:Footer/Shop/Body/Outline,battle_hud,Footer/Shop/Body/Outline,0,0,46,38,1,1,0,0,,,,0,1,1,0,0,outline_5_1p8,参考图逐页复核；保留节点绑定
119,battle_hud:Footer/Shop/Body/Outline/Artwork,battle_hud,Footer/Shop/Body/Outline/Artwork,0,0,50,42,1,1,0,0,,,,0,1,1,0,1,,参考图逐页复核；保留节点绑定
120,battle_hud:Footer/Shop/Body/Highlight,battle_hud,Footer/Shop/Body/Highlight,0,15,36,2,1,1,0,0,,,,0,1,1,0,0,shape_7c9f638f0a,参考图逐页复核；保留节点绑定
121,battle_hud:Footer/Shop/Body/Highlight/Artwork,battle_hud,Footer/Shop/Body/Highlight/Artwork,0,0,42,8,1,1,0,0,,,,0,1,1,0,1,,参考图逐页复核；保留节点绑定
122,battle_hud:Footer/Shop/Door,battle_hud,Footer/Shop/Door,-8,-10,16,22,1,1,0,0,,,,0,1,1,0,1,round_2,参考图逐页复核；保留节点绑定
123,battle_hud:Footer/Shop/Door/Artwork,battle_hud,Footer/Shop/Door/Artwork,0,0,16,22,1,1,0,0,,,,0,1,1,0,1,,参考图逐页复核；保留节点绑定
124,battle_hud:Footer/Shop/Window,battle_hud,Footer/Shop/Window,12,-6.5,12,13,1,1,0,0,,,,0,1,1,0,1,round_2,参考图逐页复核；保留节点绑定
125,battle_hud:Footer/Shop/Window/Artwork,battle_hud,Footer/Shop/Window/Artwork,0,0,12,13,1,1,0,0,,,,0,1,1,0,1,,参考图逐页复核；保留节点绑定
126,battle_hud:Footer/Shop/Awning0,battle_hud,Footer/Shop/Awning0,-20,14,10,14,1,1,0,0,,,,0,1,1,0,1,round_3,参考图逐页复核；保留节点绑定
127,battle_hud:Footer/Shop/Awning0/Artwork,battle_hud,Footer/Shop/Awning0/Artwork,0,0,10,14,1,1,0,0,,,,0,1,1,0,1,,参考图逐页复核；保留节点绑定
128,battle_hud:Footer/Shop/Awning1,battle_hud,Footer/Shop/Awning1,-10,14,10,14,1,1,0,0,,,,0,1,1,0,1,round_3,参考图逐页复核；保留节点绑定
129,battle_hud:Footer/Shop/Awning1/Artwork,battle_hud,Footer/Shop/Awning1/Artwork,0,0,10,14,1,1,0,0,,,,0,1,1,0,1,,参考图逐页复核；保留节点绑定
130,battle_hud:Footer/Shop/Awning2,battle_hud,Footer/Shop/Awning2,0,14,10,14,1,1,0,0,,,,0,1,1,0,1,round_3,参考图逐页复核；保留节点绑定
131,battle_hud:Footer/Shop/Awning2/Artwork,battle_hud,Footer/Shop/Awning2/Artwork,0,0,10,14,1,1,0,0,,,,0,1,1,0,1,,参考图逐页复核；保留节点绑定
132,battle_hud:Footer/Shop/Awning3,battle_hud,Footer/Shop/Awning3,10,14,10,14,1,1,0,0,,,,0,1,1,0,1,round_3,参考图逐页复核；保留节点绑定
133,battle_hud:Footer/Shop/Awning3/Artwork,battle_hud,Footer/Shop/Awning3/Artwork,0,0,10,14,1,1,0,0,,,,0,1,1,0,1,,参考图逐页复核；保留节点绑定
134,battle_hud:Footer/Shop/Awning4,battle_hud,Footer/Shop/Awning4,20,14,10,14,1,1,0,0,,,,0,1,1,0,1,round_3,参考图逐页复核；保留节点绑定
135,battle_hud:Footer/Shop/Awning4/Artwork,battle_hud,Footer/Shop/Awning4/Artwork,0,0,10,14,1,1,0,0,,,,0,1,1,0,1,,参考图逐页复核；保留节点绑定
136,battle_hud:Footer/Shop/Handle,battle_hud,Footer/Shop/Handle,-3,-11,3,3,1,1,0,0,,,,0,1,1,0,1,disc,参考图逐页复核；保留节点绑定
137,battle_hud:Footer/Shop/Handle/Artwork,battle_hud,Footer/Shop/Handle/Artwork,0,0,3,3,1,1,0,0,,,,0,1,1,0,1,,参考图逐页复核；保留节点绑定
138,battle_hud:Footer/Prop-freeze,battle_hud,Footer/Prop-freeze,-68,0,87,85,1,1,0,0,,,,0,1,1,0,1,,参考图逐页复核；保留节点绑定
139,battle_hud:Footer/Prop-freeze/Shadow,battle_hud,Footer/Prop-freeze/Shadow,0,-3,88,64,1,1,0,0,,,,0,1,1,0,0,window_flat,参考图逐页复核；保留节点绑定
140,battle_hud:Footer/Prop-freeze/Shadow/Artwork,battle_hud,Footer/Prop-freeze/Shadow/Artwork,0,0,88,64,1,1,0,0,,,,0,1,1,0,1,,参考图逐页复核；保留节点绑定
141,battle_hud:Footer/Prop-freeze/Surface,battle_hud,Footer/Prop-freeze/Surface,0,0,88,64,1,1,0,0,,,,0,1,1,0,0,window_flat,参考图逐页复核；保留节点绑定
142,battle_hud:Footer/Prop-freeze/Surface/Artwork,battle_hud,Footer/Prop-freeze/Surface/Artwork,0,0,88,64,1,1,0,0,,,,0,1,1,0,1,,参考图逐页复核；保留节点绑定
143,battle_hud:Footer/Prop-freeze/Outline,battle_hud,Footer/Prop-freeze/Outline,0,0,88,64,1,1,0,0,,,,0,1,1,0,0,outline_13_1p8,参考图逐页复核；保留节点绑定
144,battle_hud:Footer/Prop-freeze/Outline/Artwork,battle_hud,Footer/Prop-freeze/Outline/Artwork,0,0,92,68,1,1,0,0,,,,0,1,1,0,1,,参考图逐页复核；保留节点绑定
145,battle_hud:Footer/Prop-freeze/Highlight,battle_hud,Footer/Prop-freeze/Highlight,0,28,62,2,1,1,0,0,,,,0,1,1,0,0,shape_84d2036dc1,参考图逐页复核；保留节点绑定
146,battle_hud:Footer/Prop-freeze/Highlight/Artwork,battle_hud,Footer/Prop-freeze/Highlight/Artwork,0,0,68,8,1,1,0,0,,,,0,1,1,0,1,,参考图逐页复核；保留节点绑定
147,battle_hud:Footer/Prop-freeze/Accent,battle_hud,Footer/Prop-freeze/Accent,0,8,78,38,1,1,0,0,,,,0,1,1,0,0,window_flat,参考图逐页复核；保留节点绑定
148,battle_hud:Footer/Prop-freeze/Accent/Artwork,battle_hud,Footer/Prop-freeze/Accent/Artwork,0,0,78,38,1,1,0,0,,,,0,1,1,0,1,,参考图逐页复核；保留节点绑定
149,battle_hud:Footer/Prop-freeze/Disabled,battle_hud,Footer/Prop-freeze/Disabled,0,4,73,73,1,1,0,0,,,,0,1,1,0,0,circle_cream,参考图逐页复核；保留节点绑定
150,battle_hud:Footer/Prop-freeze/Disabled/Artwork,battle_hud,Footer/Prop-freeze/Disabled/Artwork,0,0,88,64,1,1,0,0,,,,0,1,1,0,1,,参考图逐页复核；保留节点绑定
151,battle_hud:Footer/Prop-freeze/Disabled/Accent,battle_hud,Footer/Prop-freeze/Disabled/Accent,0,8,78,38,1,1,0,0,,,,0,1,1,0,0,window_flat,参考图逐页复核；保留节点绑定
152,battle_hud:Footer/Prop-freeze/Disabled/Accent/Artwork,battle_hud,Footer/Prop-freeze/Disabled/Accent/Artwork,0,0,78,38,1,1,0,0,,,,0,1,1,0,1,,参考图逐页复核；保留节点绑定
153,battle_hud:Footer/Prop-freeze/Circle,battle_hud,Footer/Prop-freeze/Circle,0,4,73,73,1,1,0,0,,,,0,1,1,0,1,circle_cream,参考图逐页复核；保留节点绑定
154,battle_hud:Footer/Prop-freeze/Circle/Artwork,battle_hud,Footer/Prop-freeze/Circle/Artwork,0,0,73,73,1,1,0,0,,,,0,1,1,0,1,,参考图逐页复核；保留节点绑定
155,battle_hud:Footer/Prop-freeze/Icon,battle_hud,Footer/Prop-freeze/Icon,0,10,51,51,1,1,0,0,,,,0,1,1,0,1,,参考图逐页复核；保留节点绑定
156,battle_hud:Footer/Prop-freeze/Text,battle_hud,Footer/Prop-freeze/Text,0,-27,84,26,1,1,18,23,Microsoft YaHei,#ffffff,#5c3020,2,1,1,2,1,,参考图逐页复核；保留节点绑定
157,battle_hud:Footer/Prop-clear,battle_hud,Footer/Prop-clear,30,0,87,85,1,1,0,0,,,,0,1,1,0,1,,参考图逐页复核；保留节点绑定
158,battle_hud:Footer/Prop-clear/Shadow,battle_hud,Footer/Prop-clear/Shadow,0,-3,88,64,1,1,0,0,,,,0,1,1,0,0,window_flat,参考图逐页复核；保留节点绑定
159,battle_hud:Footer/Prop-clear/Shadow/Artwork,battle_hud,Footer/Prop-clear/Shadow/Artwork,0,0,88,64,1,1,0,0,,,,0,1,1,0,1,,参考图逐页复核；保留节点绑定
160,battle_hud:Footer/Prop-clear/Surface,battle_hud,Footer/Prop-clear/Surface,0,0,88,64,1,1,0,0,,,,0,1,1,0,0,window_flat,参考图逐页复核；保留节点绑定
161,battle_hud:Footer/Prop-clear/Surface/Artwork,battle_hud,Footer/Prop-clear/Surface/Artwork,0,0,88,64,1,1,0,0,,,,0,1,1,0,1,,参考图逐页复核；保留节点绑定
162,battle_hud:Footer/Prop-clear/Outline,battle_hud,Footer/Prop-clear/Outline,0,0,88,64,1,1,0,0,,,,0,1,1,0,0,outline_13_1p8,参考图逐页复核；保留节点绑定
163,battle_hud:Footer/Prop-clear/Outline/Artwork,battle_hud,Footer/Prop-clear/Outline/Artwork,0,0,92,68,1,1,0,0,,,,0,1,1,0,1,,参考图逐页复核；保留节点绑定
164,battle_hud:Footer/Prop-clear/Highlight,battle_hud,Footer/Prop-clear/Highlight,0,28,62,2,1,1,0,0,,,,0,1,1,0,0,shape_84d2036dc1,参考图逐页复核；保留节点绑定
165,battle_hud:Footer/Prop-clear/Highlight/Artwork,battle_hud,Footer/Prop-clear/Highlight/Artwork,0,0,68,8,1,1,0,0,,,,0,1,1,0,1,,参考图逐页复核；保留节点绑定
166,battle_hud:Footer/Prop-clear/Accent,battle_hud,Footer/Prop-clear/Accent,0,8,78,38,1,1,0,0,,,,0,1,1,0,0,window_flat,参考图逐页复核；保留节点绑定
167,battle_hud:Footer/Prop-clear/Accent/Artwork,battle_hud,Footer/Prop-clear/Accent/Artwork,0,0,78,38,1,1,0,0,,,,0,1,1,0,1,,参考图逐页复核；保留节点绑定
168,battle_hud:Footer/Prop-clear/Disabled,battle_hud,Footer/Prop-clear/Disabled,0,4,73,73,1,1,0,0,,,,0,1,1,0,0,circle_cream,参考图逐页复核；保留节点绑定
169,battle_hud:Footer/Prop-clear/Disabled/Artwork,battle_hud,Footer/Prop-clear/Disabled/Artwork,0,0,88,64,1,1,0,0,,,,0,1,1,0,1,,参考图逐页复核；保留节点绑定
170,battle_hud:Footer/Prop-clear/Disabled/Accent,battle_hud,Footer/Prop-clear/Disabled/Accent,0,8,78,38,1,1,0,0,,,,0,1,1,0,0,window_flat,参考图逐页复核；保留节点绑定
171,battle_hud:Footer/Prop-clear/Disabled/Accent/Artwork,battle_hud,Footer/Prop-clear/Disabled/Accent/Artwork,0,0,78,38,1,1,0,0,,,,0,1,1,0,1,,参考图逐页复核；保留节点绑定
172,battle_hud:Footer/Prop-clear/Circle,battle_hud,Footer/Prop-clear/Circle,0,4,73,73,1,1,0,0,,,,0,1,1,0,1,circle_cream,参考图逐页复核；保留节点绑定
173,battle_hud:Footer/Prop-clear/Circle/Artwork,battle_hud,Footer/Prop-clear/Circle/Artwork,0,0,73,73,1,1,0,0,,,,0,1,1,0,1,,参考图逐页复核；保留节点绑定
174,battle_hud:Footer/Prop-clear/Icon,battle_hud,Footer/Prop-clear/Icon,0,10,51,51,1,1,0,0,,,,0,1,1,0,1,,参考图逐页复核；保留节点绑定
175,battle_hud:Footer/Prop-clear/Text,battle_hud,Footer/Prop-clear/Text,0,-27,84,26,1,1,18,23,Microsoft YaHei,#ffffff,#5c3020,2,1,1,2,1,,参考图逐页复核；保留节点绑定
176,battle_hud:Footer/Prop-cash,battle_hud,Footer/Prop-cash,128,0,87,85,1,1,0,0,,,,0,1,1,0,1,,参考图逐页复核；保留节点绑定
177,battle_hud:Footer/Prop-cash/Shadow,battle_hud,Footer/Prop-cash/Shadow,0,-3,88,64,1,1,0,0,,,,0,1,1,0,0,window_flat,参考图逐页复核；保留节点绑定
178,battle_hud:Footer/Prop-cash/Shadow/Artwork,battle_hud,Footer/Prop-cash/Shadow/Artwork,0,0,88,64,1,1,0,0,,,,0,1,1,0,1,,参考图逐页复核；保留节点绑定
179,battle_hud:Footer/Prop-cash/Surface,battle_hud,Footer/Prop-cash/Surface,0,0,88,64,1,1,0,0,,,,0,1,1,0,0,window_flat,参考图逐页复核；保留节点绑定
180,battle_hud:Footer/Prop-cash/Surface/Artwork,battle_hud,Footer/Prop-cash/Surface/Artwork,0,0,88,64,1,1,0,0,,,,0,1,1,0,1,,参考图逐页复核；保留节点绑定
181,battle_hud:Footer/Prop-cash/Outline,battle_hud,Footer/Prop-cash/Outline,0,0,88,64,1,1,0,0,,,,0,1,1,0,0,outline_13_1p8,参考图逐页复核；保留节点绑定
182,battle_hud:Footer/Prop-cash/Outline/Artwork,battle_hud,Footer/Prop-cash/Outline/Artwork,0,0,92,68,1,1,0,0,,,,0,1,1,0,1,,参考图逐页复核；保留节点绑定
183,battle_hud:Footer/Prop-cash/Highlight,battle_hud,Footer/Prop-cash/Highlight,0,28,62,2,1,1,0,0,,,,0,1,1,0,0,shape_84d2036dc1,参考图逐页复核；保留节点绑定
184,battle_hud:Footer/Prop-cash/Highlight/Artwork,battle_hud,Footer/Prop-cash/Highlight/Artwork,0,0,68,8,1,1,0,0,,,,0,1,1,0,1,,参考图逐页复核；保留节点绑定
185,battle_hud:Footer/Prop-cash/Accent,battle_hud,Footer/Prop-cash/Accent,0,8,78,38,1,1,0,0,,,,0,1,1,0,0,window_flat,参考图逐页复核；保留节点绑定
186,battle_hud:Footer/Prop-cash/Accent/Artwork,battle_hud,Footer/Prop-cash/Accent/Artwork,0,0,78,38,1,1,0,0,,,,0,1,1,0,1,,参考图逐页复核；保留节点绑定
187,battle_hud:Footer/Prop-cash/Disabled,battle_hud,Footer/Prop-cash/Disabled,0,4,73,73,1,1,0,0,,,,0,1,1,0,0,circle_cream,参考图逐页复核；保留节点绑定
188,battle_hud:Footer/Prop-cash/Disabled/Artwork,battle_hud,Footer/Prop-cash/Disabled/Artwork,0,0,88,64,1,1,0,0,,,,0,1,1,0,1,,参考图逐页复核；保留节点绑定
189,battle_hud:Footer/Prop-cash/Disabled/Accent,battle_hud,Footer/Prop-cash/Disabled/Accent,0,8,78,38,1,1,0,0,,,,0,1,1,0,0,window_flat,参考图逐页复核；保留节点绑定
190,battle_hud:Footer/Prop-cash/Disabled/Accent/Artwork,battle_hud,Footer/Prop-cash/Disabled/Accent/Artwork,0,0,78,38,1,1,0,0,,,,0,1,1,0,1,,参考图逐页复核；保留节点绑定
191,battle_hud:Footer/Prop-cash/Circle,battle_hud,Footer/Prop-cash/Circle,0,4,73,73,1,1,0,0,,,,0,1,1,0,1,circle_cream,参考图逐页复核；保留节点绑定
192,battle_hud:Footer/Prop-cash/Circle/Artwork,battle_hud,Footer/Prop-cash/Circle/Artwork,0,0,73,73,1,1,0,0,,,,0,1,1,0,1,,参考图逐页复核；保留节点绑定
193,battle_hud:Footer/Prop-cash/Icon,battle_hud,Footer/Prop-cash/Icon,0,10,51,51,1,1,0,0,,,,0,1,1,0,1,,参考图逐页复核；保留节点绑定
194,battle_hud:Footer/Prop-cash/Text,battle_hud,Footer/Prop-cash/Text,0,-27,84,26,1,1,18,23,Microsoft YaHei,#ffffff,#5c3020,2,1,1,2,1,,参考图逐页复核；保留节点绑定
195,battle_hud:Footer/Gm,battle_hud,Footer/Gm,-163,-4,45,48,1,1,0,0,,,,0,1,1,0,0,,参考图逐页复核；保留节点绑定
196,battle_hud:Footer/Gm/Surface,battle_hud,Footer/Gm/Surface,0,0,45,48,1,1,0,0,,,,0,1,1,0,1,round_12,参考图逐页复核；保留节点绑定
197,battle_hud:Footer/Gm/Surface/Artwork,battle_hud,Footer/Gm/Surface/Artwork,0,0,50,48,1,1,0,0,,,,0,1,1,0,1,,参考图逐页复核；保留节点绑定
198,battle_hud:Footer/Gm/Text,battle_hud,Footer/Gm/Text,0,0,50,48,1,1,20,25,Microsoft YaHei,#ffffff,#6a3925,1.4,1,1,2,1,,参考图逐页复核；保留节点绑定
199,battle_hud:boss-status,battle_hud,boss-status,0,245.83999999999997,340,25,1,1,13,17,Microsoft YaHei,#5c3020,,0,1,1,2,1,,参考图逐页复核；保留节点绑定
200,battle_hud:ToastSlot,battle_hud,ToastSlot,0,245.83999999999997,304,38,1,1,0,0,,,,0,1,1,0,1,,参考图逐页复核；保留节点绑定
201,battle_hud:Boss,battle_hud,Boss,0,239.83999999999997,250,54,1,1,0,0,,,,0,1,1,0,1,,参考图逐页复核；保留节点绑定
202,battle_hud:Boss/Shadow,battle_hud,Boss/Shadow,0,-4,250,54,1,1,0,0,,,,0,1,1,0,0,window_flat,参考图逐页复核；保留节点绑定
203,battle_hud:Boss/Shadow/Artwork,battle_hud,Boss/Shadow/Artwork,0,0,250,54,1,1,0,0,,,,0,1,1,0,1,,参考图逐页复核；保留节点绑定
204,battle_hud:Boss/Surface,battle_hud,Boss/Surface,0,0,250,54,1,1,0,0,,,,0,1,1,0,1,window_flat,参考图逐页复核；保留节点绑定
205,battle_hud:Boss/Surface/Artwork,battle_hud,Boss/Surface/Artwork,0,0,250,54,1,1,0,0,,,,0,1,1,0,1,,参考图逐页复核；保留节点绑定
206,battle_hud:Boss/Track,battle_hud,Boss/Track,28,-22,178,4,1,1,0,0,,,,0,1,1,0,1,,参考图逐页复核；保留节点绑定
207,battle_hud:Boss/Track/Surface,battle_hud,Boss/Track/Surface,0,0,178,4,1,1,0,0,,,,0,1,1,0,1,round_2,参考图逐页复核；保留节点绑定
208,battle_hud:Boss/Track/Surface/Artwork,battle_hud,Boss/Track/Surface/Artwork,0,0,178,4,1,1,0,0,,,,0,1,1,0,1,,参考图逐页复核；保留节点绑定
209,battle_hud:Boss/Portrait,battle_hud,Boss/Portrait,-98,1,47,47,1,1,0,0,,,,0,1,1,0,1,,参考图逐页复核；保留节点绑定
210,battle_hud:Boss/State,battle_hud,Boss/State,27,-6,184,21,1,1,13,19,Microsoft YaHei,#5c3020,,0,1,1,2,1,,参考图逐页复核；保留节点绑定
211,battle_hud:Boss/Fill,battle_hud,Boss/Fill,-61,-22,178,4,1,1,0,0,,,,0,1,1,0,1,,参考图逐页复核；保留节点绑定
212,battle_hud:Boss/Fill/Surface,battle_hud,Boss/Fill/Surface,89,0,178,4,1,1,0,0,,,,0,1,1,0,1,round_2,参考图逐页复核；保留节点绑定
213,battle_hud:Boss/Fill/Surface/Artwork,battle_hud,Boss/Fill/Surface/Artwork,0,0,178,4,1,1,0,0,,,,0,1,1,0,1,,参考图逐页复核；保留节点绑定
214,battle_hud:Boss/Name,battle_hud,Boss/Name,27,13,184,23,1,1,16,22,Microsoft YaHei,#5c3020,,0,1,1,2,1,,参考图逐页复核；保留节点绑定
215,battle_hud:PreviewEntry,battle_hud,PreviewEntry,136,255.33999999999997,100,29,1,1,0,0,,,,0,1,1,0,1,,参考图逐页复核；保留节点绑定
216,battle_hud:PreviewEntry/Shadow,battle_hud,PreviewEntry/Shadow,0,-4,100,29,1,1,0,0,,,,0,1,1,0,0,window_flat,参考图逐页复核；保留节点绑定
217,battle_hud:PreviewEntry/Shadow/Artwork,battle_hud,PreviewEntry/Shadow/Artwork,0,0,100,29,1,1,0,0,,,,0,1,1,0,1,,参考图逐页复核；保留节点绑定
218,battle_hud:PreviewEntry/Surface,battle_hud,PreviewEntry/Surface,0,0,100,29,1,1,0,0,,,,0,1,1,0,1,window_flat,参考图逐页复核；保留节点绑定
219,battle_hud:PreviewEntry/Surface/Artwork,battle_hud,PreviewEntry/Surface/Artwork,0,0,100,29,1,1,0,0,,,,0,1,1,0,1,,参考图逐页复核；保留节点绑定
220,battle_hud:PreviewEntry/Disabled,battle_hud,PreviewEntry/Disabled,0,0,100,29,1,1,0,0,,,,0,1,1,0,0,button_disabled,参考图逐页复核；保留节点绑定
221,battle_hud:PreviewEntry/Disabled/Artwork,battle_hud,PreviewEntry/Disabled/Artwork,0,0,100,29,1,1,0,0,,,,0,1,1,0,1,,参考图逐页复核；保留节点绑定
222,battle_hud:PreviewEntry/Text,battle_hud,PreviewEntry/Text,0,0,92,25,1,1,13,19,Microsoft YaHei,#5c3020,,0,1,1,2,1,,参考图逐页复核；保留节点绑定
223,battle_hud:HomeGmAnchor,battle_hud,HomeGmAnchor,163,225,45,48,1,1,0,0,,,,0,1,1,0,1,,参考图逐页复核；保留节点绑定
224,battle_hud:MenuGmAnchor,battle_hud,MenuGmAnchor,-163,-321,45,48,1,1,0,0,,,,0,1,1,0,1,,参考图逐页复核；保留节点绑定
225,build_card:root,build_card,@,0,0,64,64,0.90625,0.90625,0,0,,,,0,1,1,0,1,,参考图逐页复核；保留节点绑定
226,build_card:Surface,build_card,Surface,0,0,64,64,1,1,0,0,,,,0,1,1,0,1,,参考图逐页复核；保留节点绑定
227,build_card:Surface/Shadow,build_card,Surface/Shadow,0,-3,64,64,1,1,0,0,,,,0,1,1,0,0,window_flat,参考图逐页复核；保留节点绑定
228,build_card:Surface/Shadow/Artwork,build_card,Surface/Shadow/Artwork,0,0,64,64,1,1,0,0,,,,0,1,1,0,1,,参考图逐页复核；保留节点绑定
229,build_card:Surface/Surface,build_card,Surface/Surface,0,0,64,64,1,1,0,0,,,,0,1,1,0,1,window_flat,参考图逐页复核；保留节点绑定
230,build_card:Surface/Surface/Artwork,build_card,Surface/Surface/Artwork,0,0,64,64,1,1,0,0,,,,0,1,1,0,1,,参考图逐页复核；保留节点绑定
231,build_card:Surface/Outline,build_card,Surface/Outline,0,0,64,64,1,1,0,0,,,,0,1,1,0,0,outline_16_1p8,参考图逐页复核；保留节点绑定
232,build_card:Surface/Outline/Artwork,build_card,Surface/Outline/Artwork,0,0,68,68,1,1,0,0,,,,0,1,1,0,1,,参考图逐页复核；保留节点绑定
233,build_card:Surface/Highlight,build_card,Surface/Highlight,0,28,32,2,1,1,0,0,,,,0,1,1,0,0,shape_34531faf13,参考图逐页复核；保留节点绑定
234,build_card:Surface/Highlight/Artwork,build_card,Surface/Highlight/Artwork,0,0,38,8,1,1,0,0,,,,0,1,1,0,1,,参考图逐页复核；保留节点绑定
235,build_card:PortraitBackground,build_card,PortraitBackground,0,14,32,32,1,1,0,0,,,,0,1,1,0,1,disc,参考图逐页复核；保留节点绑定
236,build_card:PortraitBackground/Artwork,build_card,PortraitBackground/Artwork,0,0,32,32,1,1,0,0,,,,0,1,1,0,1,,参考图逐页复核；保留节点绑定
237,build_card:Disabled,build_card,Disabled,0,0,64,64,1,1,0,0,,,,0,1,1,0,0,,参考图逐页复核；保留节点绑定
238,build_card:Disabled/Surface,build_card,Disabled/Surface,0,0,64,64,1,1,0,0,,,,0,1,1,0,1,,参考图逐页复核；保留节点绑定
239,build_card:Disabled/Surface/Shadow,build_card,Disabled/Surface/Shadow,0,-3,64,64,1,1,0,0,,,,0,1,1,0,0,window_flat,参考图逐页复核；保留节点绑定
240,build_card:Disabled/Surface/Shadow/Artwork,build_card,Disabled/Surface/Shadow/Artwork,0,0,64,64,1,1,0,0,,,,0,1,1,0,1,,参考图逐页复核；保留节点绑定
241,build_card:Disabled/Surface/Surface,build_card,Disabled/Surface/Surface,0,0,64,64,1,1,0,0,,,,0,1,1,0,1,window_flat,参考图逐页复核；保留节点绑定
242,build_card:Disabled/Surface/Surface/Artwork,build_card,Disabled/Surface/Surface/Artwork,0,0,64,64,1,1,0,0,,,,0,1,1,0,1,,参考图逐页复核；保留节点绑定
243,build_card:Disabled/Surface/Outline,build_card,Disabled/Surface/Outline,0,0,64,64,1,1,0,0,,,,0,1,1,0,0,outline_16_1p8,参考图逐页复核；保留节点绑定
244,build_card:Disabled/Surface/Outline/Artwork,build_card,Disabled/Surface/Outline/Artwork,0,0,68,68,1,1,0,0,,,,0,1,1,0,1,,参考图逐页复核；保留节点绑定
245,build_card:Disabled/Surface/Highlight,build_card,Disabled/Surface/Highlight,0,28,32,2,1,1,0,0,,,,0,1,1,0,0,shape_34531faf13,参考图逐页复核；保留节点绑定
246,build_card:Disabled/Surface/Highlight/Artwork,build_card,Disabled/Surface/Highlight/Artwork,0,0,38,8,1,1,0,0,,,,0,1,1,0,1,,参考图逐页复核；保留节点绑定
247,build_card:Disabled/PortraitBackground,build_card,Disabled/PortraitBackground,0,14,32,32,1,1,0,0,,,,0,1,1,0,1,disc,参考图逐页复核；保留节点绑定
248,build_card:Disabled/PortraitBackground/Artwork,build_card,Disabled/PortraitBackground/Artwork,0,0,32,32,1,1,0,0,,,,0,1,1,0,1,,参考图逐页复核；保留节点绑定
249,build_card:Icon,build_card,Icon,0,14,32,32,1,1,0,0,,,,0,1,1,0,1,,参考图逐页复核；保留节点绑定
250,build_card:Cost,build_card,Cost,0,-23,58,16,1,1,12,16,Microsoft YaHei,#5c3020,,0,1,1,2,1,,参考图逐页复核；保留节点绑定
251,build_card:Title,build_card,Title,0,-9,58,16,1,1,12,16,Microsoft YaHei,#5c3020,,0,1,1,2,1,,参考图逐页复核；保留节点绑定
252,button:root,button,@,0,0,96,48,1,1,0,0,,,,0,1,1,0,1,,参考图逐页复核；保留节点绑定
253,button:Surface,button,Surface,0,0,96,48,1,1,0,0,,,,0,1,1,0,1,,参考图逐页复核；保留节点绑定
254,button:Surface/Shadow,button,Surface/Shadow,0,-3,96,48,1,1,0,0,,,,0,1,1,0,0,window_flat,参考图逐页复核；保留节点绑定
255,button:Surface/Shadow/Artwork,button,Surface/Shadow/Artwork,0,0,96,48,1,1,0,0,,,,0,1,1,0,1,,参考图逐页复核；保留节点绑定
256,button:Surface/Surface,button,Surface/Surface,0,0,96,48,1,1,0,0,,,,0,1,1,0,1,window_flat,参考图逐页复核；保留节点绑定
257,button:Surface/Surface/Artwork,button,Surface/Surface/Artwork,0,0,96,48,1,1,0,0,,,,0,1,1,0,1,,参考图逐页复核；保留节点绑定
258,button:Surface/Outline,button,Surface/Outline,0,0,96,48,1,1,0,0,,,,0,1,1,0,0,outline_13_1p8,参考图逐页复核；保留节点绑定
259,button:Surface/Outline/Artwork,button,Surface/Outline/Artwork,0,0,100,52,1,1,0,0,,,,0,1,1,0,1,,参考图逐页复核；保留节点绑定
260,button:Surface/Highlight,button,Surface/Highlight,0,20,70,2,1,1,0,0,,,,0,1,1,0,0,shape_c5f65c98b6,参考图逐页复核；保留节点绑定
261,button:Surface/Highlight/Artwork,button,Surface/Highlight/Artwork,0,0,76,8,1,1,0,0,,,,0,1,1,0,1,,参考图逐页复核；保留节点绑定
262,button:Disabled,button,Disabled,0,0,96,48,1,1,0,0,,,,0,1,1,0,0,,参考图逐页复核；保留节点绑定
263,button:Disabled/Shadow,button,Disabled/Shadow,0,-3,96,48,1,1,0,0,,,,0,1,1,0,0,window_flat,参考图逐页复核；保留节点绑定
264,button:Disabled/Shadow/Artwork,button,Disabled/Shadow/Artwork,0,0,96,48,1,1,0,0,,,,0,1,1,0,1,,参考图逐页复核；保留节点绑定
265,button:Disabled/Surface,button,Disabled/Surface,0,0,96,48,1,1,0,0,,,,0,1,1,0,1,window_flat,参考图逐页复核；保留节点绑定
266,button:Disabled/Surface/Artwork,button,Disabled/Surface/Artwork,0,0,96,48,1,1,0,0,,,,0,1,1,0,1,,参考图逐页复核；保留节点绑定
267,button:Disabled/Outline,button,Disabled/Outline,0,0,96,48,1,1,0,0,,,,0,1,1,0,0,outline_13_1p8,参考图逐页复核；保留节点绑定
268,button:Disabled/Outline/Artwork,button,Disabled/Outline/Artwork,0,0,100,52,1,1,0,0,,,,0,1,1,0,1,,参考图逐页复核；保留节点绑定
269,button:Disabled/Highlight,button,Disabled/Highlight,0,20,70,2,1,1,0,0,,,,0,1,1,0,0,shape_c5f65c98b6,参考图逐页复核；保留节点绑定
270,button:Disabled/Highlight/Artwork,button,Disabled/Highlight/Artwork,0,0,76,8,1,1,0,0,,,,0,1,1,0,1,,参考图逐页复核；保留节点绑定
271,button:Text,button,Text,0,0,92,44,1,1,16,20,Microsoft YaHei,#5c3020,,0,1,1,2,1,,参考图逐页复核；保留节点绑定
272,challenge_card:root,challenge_card,@,0,0,118,306,1,1,0,0,,,,0,1,1,0,1,,参考图逐页复核；保留节点绑定
273,challenge_card:Panel,challenge_card,Panel,0,0,118,306,1,1,0,0,,,,0,1,1,0,1,,参考图逐页复核；保留节点绑定
274,challenge_card:Panel/Shadow,challenge_card,Panel/Shadow,0,-4,118,366,1,1,0,0,,,,0,1,1,0,0,window_flat,参考图逐页复核；保留节点绑定
275,challenge_card:Panel/Shadow/Artwork,challenge_card,Panel/Shadow/Artwork,0,0,118,366,1,1,0,0,,,,0,1,1,0,1,,参考图逐页复核；保留节点绑定
276,challenge_card:Panel/Surface,challenge_card,Panel/Surface,0,0,118,306,1,1,0,0,,,,0,1,1,0,1,window_flat,参考图逐页复核；保留节点绑定
277,challenge_card:Panel/Surface/Artwork,challenge_card,Panel/Surface/Artwork,0,0,118,366,1,1,0,0,,,,0,1,1,0,1,,参考图逐页复核；保留节点绑定
278,challenge_card:IconBackground,challenge_card,IconBackground,0,57,95,95,1,1,0,0,,#ffe9a0,,0,1,1,0,1,disc,参考图逐页复核；保留节点绑定
279,challenge_card:IconBackground/Artwork,challenge_card,IconBackground/Artwork,0,0,80,80,1,1,0,0,,,,0,1,1,0,1,,参考图逐页复核；保留节点绑定
280,challenge_card:Heading,challenge_card,Heading,0,127,106,34,1,1,0,0,,,,0,1,1,0,1,mint_pill,参考图逐页复核；保留节点绑定
281,challenge_card:Heading/Artwork,challenge_card,Heading/Artwork,0,0,112,49,1,1,0,0,,,,0,1,1,0,1,,参考图逐页复核；保留节点绑定
282,challenge_card:Icon,challenge_card,Icon,0,57,88,88,1,1,0,0,,,,0,1,1,0,1,,参考图逐页复核；保留节点绑定
283,challenge_card:Staff,challenge_card,Staff,0,-100,105,29,1,1,0,0,,,,0,1,1,0,1,,参考图逐页复核；保留节点绑定
284,challenge_card:Staff/Divider,challenge_card,Staff/Divider,0,19,102,1,1,1,0,0,,,,0,1,1,0,1,round_0,参考图逐页复核；保留节点绑定
285,challenge_card:Staff/Divider/Artwork,challenge_card,Staff/Divider/Artwork,0,0,102,1,1,1,0,0,,,,0,1,1,0,1,,参考图逐页复核；保留节点绑定
286,challenge_card:Staff/Icon,challenge_card,Staff/Icon,-34,0,31,31,1,1,0,0,,,,0,1,1,0,1,,参考图逐页复核；保留节点绑定
287,challenge_card:Staff/Text,challenge_card,Staff/Text,18,0,69,29,1,1,12,16,Microsoft YaHei,#4c1c12,,0,1,1,2,1,,参考图逐页复核；保留节点绑定
288,challenge_card:Select,challenge_card,Select,0,-130,101,34,1,1,0,0,,,,0,1,1,0,1,button_green,参考图逐页复核；保留节点绑定
289,challenge_card:Select/Artwork,challenge_card,Select/Artwork,0,0,100,33,1,1,0,0,,,,0,1,1,0,1,,参考图逐页复核；保留节点绑定
290,challenge_card:Title,challenge_card,Title,0,127,100,31,1,1,20,24,Microsoft YaHei,#4c1c12,,0,1,1,2,1,,参考图逐页复核；保留节点绑定
291,challenge_card:Description,challenge_card,Description,0,-39,100,119,1,1,14,18,Microsoft YaHei,#4c1c12,,0,1,0,2,1,,参考图逐页复核；保留节点绑定
292,challenge_card:SelectText,challenge_card,SelectText,0,-130,95,32,1,1,21,25,Microsoft YaHei,#ffffff,#267543,1.4,1,1,2,1,,参考图逐页复核；保留节点绑定
293,challenge_card:StaffDescriptionBox,challenge_card,StaffDescriptionBox,0,-41,100,99,1,1,0,0,,,,0,1,1,0,0,,参考图逐页复核；保留节点绑定
294,challenge_card:GlobalDescriptionBox,challenge_card,GlobalDescriptionBox,0,-54,100,125,1,1,0,0,,,,0,1,1,0,0,,参考图逐页复核；保留节点绑定
295,challenge_loadout:root,challenge_loadout,@,0,0,390,693.68,1,1,0,0,,,,0,1,1,0,1,,参考图逐页复核；保留节点绑定
296,challenge_loadout:BattleBackground,challenge_loadout,BattleBackground,0,0,390,693.68,1,1,0,0,,,,0,1,1,0,1,courtyard_ground,参考图逐页复核；保留节点绑定
297,challenge_loadout:BattleBackground/Artwork,challenge_loadout,BattleBackground/Artwork,0,0,390,693.68,1,1,0,0,,,,0,1,1,0,1,,参考图逐页复核；保留节点绑定
298,challenge_loadout:BattleRoad,challenge_loadout,BattleRoad,0,0,390,693.68,1,1,0,0,,,,0,1,1,0,1,map_21,参考图逐页复核；保留节点绑定
299,challenge_loadout:BattleRoad/Artwork,challenge_loadout,BattleRoad/Artwork,0,0,390,693.68,1,1,0,0,,,,0,1,1,0,1,,参考图逐页复核；保留节点绑定
300,challenge_loadout:BattleDim,challenge_loadout,BattleDim,0,0,390,693.68,1,1,0,0,,,,0,1,1,0,1,round_0,参考图逐页复核；保留节点绑定
301,challenge_loadout:BattleDim/Artwork,challenge_loadout,BattleDim/Artwork,0,0,390,693.68,1,1,0,0,,,,0,1,1,0,1,,参考图逐页复核；保留节点绑定
302,challenge_loadout:Panel,challenge_loadout,Panel,0,-25,367,342,1,1,0,0,,,,0,1,1,0,1,,参考图逐页复核；保留节点绑定
303,challenge_loadout:Panel/Shadow,challenge_loadout,Panel/Shadow,0,-4,362,550,1,1,0,0,,,,0,1,1,0,0,window_flat,参考图逐页复核；保留节点绑定
304,challenge_loadout:Panel/Shadow/Artwork,challenge_loadout,Panel/Shadow/Artwork,0,0,362,550,1,1,0,0,,,,0,1,1,0,1,,参考图逐页复核；保留节点绑定
305,challenge_loadout:Panel/Surface,challenge_loadout,Panel/Surface,0,0,367,342,1,1,0,0,,,,0,1,1,0,1,window_flat,参考图逐页复核；保留节点绑定
306,challenge_loadout:Panel/Surface/Artwork,challenge_loadout,Panel/Surface/Artwork,0,0,362,550,1,1,0,0,,,,0,1,1,0,1,,参考图逐页复核；保留节点绑定
307,challenge_loadout:Banner,challenge_loadout,Banner,0,203,320,118,1,1,0,0,,,,0,1,1,0,1,night_banner,参考图逐页复核；保留节点绑定
308,challenge_loadout:Banner/Artwork,challenge_loadout,Banner/Artwork,0,0,343,80,1,1,0,0,,,,0,1,1,0,1,,参考图逐页复核；保留节点绑定
309,challenge_loadout:Selected,challenge_loadout,Selected,0,-26.660000000000025,340,67,1,1,0,0,,,,0,1,1,0,0,,参考图逐页复核；保留节点绑定
310,challenge_loadout:Selected/Slot0,challenge_loadout,Selected/Slot0,-129,0,82,67,1,1,0,0,,,,0,1,1,0,1,,参考图逐页复核；保留节点绑定
311,challenge_loadout:Selected/Slot0/Shadow,challenge_loadout,Selected/Slot0/Shadow,0,-4,82,67,1,1,0,0,,,,0,1,1,0,0,window_flat,参考图逐页复核；保留节点绑定
312,challenge_loadout:Selected/Slot0/Shadow/Artwork,challenge_loadout,Selected/Slot0/Shadow/Artwork,0,0,82,67,1,1,0,0,,,,0,1,1,0,1,,参考图逐页复核；保留节点绑定
313,challenge_loadout:Selected/Slot0/Surface,challenge_loadout,Selected/Slot0/Surface,0,0,82,67,1,1,0,0,,,,0,1,1,0,1,window_flat,参考图逐页复核；保留节点绑定
314,challenge_loadout:Selected/Slot0/Surface/Artwork,challenge_loadout,Selected/Slot0/Surface/Artwork,0,0,82,67,1,1,0,0,,,,0,1,1,0,1,,参考图逐页复核；保留节点绑定
315,challenge_loadout:Selected/Slot0/Icon,challenge_loadout,Selected/Slot0/Icon,0,8.5,46,46,1,1,0,0,,,,0,1,1,0,1,,参考图逐页复核；保留节点绑定
316,challenge_loadout:Selected/Slot0/Name,challenge_loadout,Selected/Slot0/Name,0,-21.5,78,22,1,1,12,18,Microsoft YaHei,#5c3020,,0,1,1,2,1,,参考图逐页复核；保留节点绑定
317,challenge_loadout:Selected/Slot1,challenge_loadout,Selected/Slot1,-43,0,82,67,1,1,0,0,,,,0,1,1,0,1,,参考图逐页复核；保留节点绑定
318,challenge_loadout:Selected/Slot1/Shadow,challenge_loadout,Selected/Slot1/Shadow,0,-4,82,67,1,1,0,0,,,,0,1,1,0,0,window_flat,参考图逐页复核；保留节点绑定
319,challenge_loadout:Selected/Slot1/Shadow/Artwork,challenge_loadout,Selected/Slot1/Shadow/Artwork,0,0,82,67,1,1,0,0,,,,0,1,1,0,1,,参考图逐页复核；保留节点绑定
320,challenge_loadout:Selected/Slot1/Surface,challenge_loadout,Selected/Slot1/Surface,0,0,82,67,1,1,0,0,,,,0,1,1,0,1,window_flat,参考图逐页复核；保留节点绑定
321,challenge_loadout:Selected/Slot1/Surface/Artwork,challenge_loadout,Selected/Slot1/Surface/Artwork,0,0,82,67,1,1,0,0,,,,0,1,1,0,1,,参考图逐页复核；保留节点绑定
322,challenge_loadout:Selected/Slot1/Icon,challenge_loadout,Selected/Slot1/Icon,0,8.5,46,46,1,1,0,0,,,,0,1,1,0,1,,参考图逐页复核；保留节点绑定
323,challenge_loadout:Selected/Slot1/Name,challenge_loadout,Selected/Slot1/Name,0,-21.5,78,22,1,1,12,18,Microsoft YaHei,#5c3020,,0,1,1,2,1,,参考图逐页复核；保留节点绑定
324,challenge_loadout:Selected/Slot2,challenge_loadout,Selected/Slot2,43,0,82,67,1,1,0,0,,,,0,1,1,0,1,,参考图逐页复核；保留节点绑定
325,challenge_loadout:Selected/Slot2/Shadow,challenge_loadout,Selected/Slot2/Shadow,0,-4,82,67,1,1,0,0,,,,0,1,1,0,0,window_flat,参考图逐页复核；保留节点绑定
326,challenge_loadout:Selected/Slot2/Shadow/Artwork,challenge_loadout,Selected/Slot2/Shadow/Artwork,0,0,82,67,1,1,0,0,,,,0,1,1,0,1,,参考图逐页复核；保留节点绑定
327,challenge_loadout:Selected/Slot2/Surface,challenge_loadout,Selected/Slot2/Surface,0,0,82,67,1,1,0,0,,,,0,1,1,0,1,window_flat,参考图逐页复核；保留节点绑定
328,challenge_loadout:Selected/Slot2/Surface/Artwork,challenge_loadout,Selected/Slot2/Surface/Artwork,0,0,82,67,1,1,0,0,,,,0,1,1,0,1,,参考图逐页复核；保留节点绑定
329,challenge_loadout:Selected/Slot2/Icon,challenge_loadout,Selected/Slot2/Icon,0,8.5,46,46,1,1,0,0,,,,0,1,1,0,1,,参考图逐页复核；保留节点绑定
330,challenge_loadout:Selected/Slot2/Name,challenge_loadout,Selected/Slot2/Name,0,-21.5,78,22,1,1,12,18,Microsoft YaHei,#5c3020,,0,1,1,2,1,,参考图逐页复核；保留节点绑定
331,challenge_loadout:Selected/Slot3,challenge_loadout,Selected/Slot3,129,0,82,67,1,1,0,0,,,,0,1,1,0,1,,参考图逐页复核；保留节点绑定
332,challenge_loadout:Selected/Slot3/Shadow,challenge_loadout,Selected/Slot3/Shadow,0,-4,82,67,1,1,0,0,,,,0,1,1,0,0,window_flat,参考图逐页复核；保留节点绑定
333,challenge_loadout:Selected/Slot3/Shadow/Artwork,challenge_loadout,Selected/Slot3/Shadow/Artwork,0,0,82,67,1,1,0,0,,,,0,1,1,0,1,,参考图逐页复核；保留节点绑定
334,challenge_loadout:Selected/Slot3/Surface,challenge_loadout,Selected/Slot3/Surface,0,0,82,67,1,1,0,0,,,,0,1,1,0,1,window_flat,参考图逐页复核；保留节点绑定
335,challenge_loadout:Selected/Slot3/Surface/Artwork,challenge_loadout,Selected/Slot3/Surface/Artwork,0,0,82,67,1,1,0,0,,,,0,1,1,0,1,,参考图逐页复核；保留节点绑定
336,challenge_loadout:Selected/Slot3/Icon,challenge_loadout,Selected/Slot3/Icon,0,8.5,46,46,1,1,0,0,,,,0,1,1,0,1,,参考图逐页复核；保留节点绑定
337,challenge_loadout:Selected/Slot3/Name,challenge_loadout,Selected/Slot3/Name,0,-21.5,78,22,1,1,12,18,Microsoft YaHei,#5c3020,,0,1,1,2,1,,参考图逐页复核；保留节点绑定
338,challenge_loadout:Map,challenge_loadout,Map,-100,194.83999999999997,144,112,1,1,0,0,,,,0,1,1,0,0,,参考图逐页复核；保留节点绑定
339,challenge_loadout:Map/Thumbnail,challenge_loadout,Map/Thumbnail,0,0,144,112,1,1,0,0,,,,0,1,1,0,1,courtyard_ground,参考图逐页复核；保留节点绑定
340,challenge_loadout:Map/Thumbnail/Artwork,challenge_loadout,Map/Thumbnail/Artwork,0,0,144,112,1,1,0,0,,,,0,1,1,0,1,,参考图逐页复核；保留节点绑定
341,challenge_loadout:Map/Route,challenge_loadout,Map/Route,0,0,144,112,1,1,0,0,,,,0,1,1,0,1,,参考图逐页复核；保留节点绑定
342,challenge_loadout:Map/Route/Projection,challenge_loadout,Map/Route/Projection,-41,74,0,0,0.205,-0.205,0,0,,,,0,1,1,0,1,,参考图逐页复核；保留节点绑定
343,challenge_loadout:Map/Route/ShopMarker,challenge_loadout,Map/Route/ShopMarker,0,0,0,0,1,1,0,0,,,,0,1,1,0,1,,参考图逐页复核；保留节点绑定
344,challenge_loadout:Map/Route/ShopMarker/Shop,challenge_loadout,Map/Route/ShopMarker/Shop,0,4,32,32,1,1,0,0,,,,0,1,1,0,1,,参考图逐页复核；保留节点绑定
345,challenge_loadout:Boss,challenge_loadout,Boss,70,163.83999999999997,202,52,1,1,12,18,Microsoft YaHei,#5c3020,,0,1,1,2,0,,参考图逐页复核；保留节点绑定
346,challenge_loadout:Enemies,challenge_loadout,Enemies,0,78.83999999999997,340,88,1,1,0,0,,,,0,1,1,0,0,,参考图逐页复核；保留节点绑定
347,challenge_loadout:Enemies/Slot0,challenge_loadout,Enemies/Slot0,-127.5,22,34,61,1,1,0,0,,,,0,1,1,0,1,,参考图逐页复核；保留节点绑定
348,challenge_loadout:Enemies/Slot0/Icon,challenge_loadout,Enemies/Slot0/Icon,-25,0,34,34,1,1,0,0,,,,0,1,1,0,1,,参考图逐页复核；保留节点绑定
349,challenge_loadout:Enemies/Slot0/Name,challenge_loadout,Enemies/Slot0/Name,17,0,48,40,1,1,11,15,Microsoft YaHei,#5c3020,,0,1,1,2,1,,参考图逐页复核；保留节点绑定
350,challenge_loadout:Enemies/Slot1,challenge_loadout,Enemies/Slot1,-42.5,22,34,61,1,1,0,0,,,,0,1,1,0,1,,参考图逐页复核；保留节点绑定
351,challenge_loadout:Enemies/Slot1/Icon,challenge_loadout,Enemies/Slot1/Icon,-25,0,34,34,1,1,0,0,,,,0,1,1,0,1,,参考图逐页复核；保留节点绑定
352,challenge_loadout:Enemies/Slot1/Name,challenge_loadout,Enemies/Slot1/Name,17,0,48,40,1,1,11,15,Microsoft YaHei,#5c3020,,0,1,1,2,1,,参考图逐页复核；保留节点绑定
353,challenge_loadout:Enemies/Slot2,challenge_loadout,Enemies/Slot2,42.5,22,34,61,1,1,0,0,,,,0,1,1,0,1,,参考图逐页复核；保留节点绑定
354,challenge_loadout:Enemies/Slot2/Icon,challenge_loadout,Enemies/Slot2/Icon,-25,0,34,34,1,1,0,0,,,,0,1,1,0,1,,参考图逐页复核；保留节点绑定
355,challenge_loadout:Enemies/Slot2/Name,challenge_loadout,Enemies/Slot2/Name,17,0,48,40,1,1,11,15,Microsoft YaHei,#5c3020,,0,1,1,2,1,,参考图逐页复核；保留节点绑定
356,challenge_loadout:Enemies/Slot3,challenge_loadout,Enemies/Slot3,127.5,22,34,61,1,1,0,0,,,,0,1,1,0,1,,参考图逐页复核；保留节点绑定
357,challenge_loadout:Enemies/Slot3/Icon,challenge_loadout,Enemies/Slot3/Icon,-25,0,34,34,1,1,0,0,,,,0,1,1,0,1,,参考图逐页复核；保留节点绑定
358,challenge_loadout:Enemies/Slot3/Name,challenge_loadout,Enemies/Slot3/Name,17,0,48,40,1,1,11,15,Microsoft YaHei,#5c3020,,0,1,1,2,1,,参考图逐页复核；保留节点绑定
359,challenge_loadout:Enemies/Slot4,challenge_loadout,Enemies/Slot4,-127.5,-22,34,61,1,1,0,0,,,,0,1,1,0,1,,参考图逐页复核；保留节点绑定
360,challenge_loadout:Enemies/Slot4/Icon,challenge_loadout,Enemies/Slot4/Icon,-25,0,34,34,1,1,0,0,,,,0,1,1,0,1,,参考图逐页复核；保留节点绑定
361,challenge_loadout:Enemies/Slot4/Name,challenge_loadout,Enemies/Slot4/Name,17,0,48,40,1,1,11,15,Microsoft YaHei,#5c3020,,0,1,1,2,1,,参考图逐页复核；保留节点绑定
362,challenge_loadout:Enemies/Slot5,challenge_loadout,Enemies/Slot5,-42.5,-22,34,61,1,1,0,0,,,,0,1,1,0,1,,参考图逐页复核；保留节点绑定
363,challenge_loadout:Enemies/Slot5/Icon,challenge_loadout,Enemies/Slot5/Icon,-25,0,34,34,1,1,0,0,,,,0,1,1,0,1,,参考图逐页复核；保留节点绑定
364,challenge_loadout:Enemies/Slot5/Name,challenge_loadout,Enemies/Slot5/Name,17,0,48,40,1,1,11,15,Microsoft YaHei,#5c3020,,0,1,1,2,1,,参考图逐页复核；保留节点绑定
365,challenge_loadout:Enemies/Slot6,challenge_loadout,Enemies/Slot6,42.5,-22,34,61,1,1,0,0,,,,0,1,1,0,1,,参考图逐页复核；保留节点绑定
366,challenge_loadout:Enemies/Slot6/Icon,challenge_loadout,Enemies/Slot6/Icon,-25,0,34,34,1,1,0,0,,,,0,1,1,0,1,,参考图逐页复核；保留节点绑定
367,challenge_loadout:Enemies/Slot6/Name,challenge_loadout,Enemies/Slot6/Name,17,0,48,40,1,1,11,15,Microsoft YaHei,#5c3020,,0,1,1,2,1,,参考图逐页复核；保留节点绑定
368,challenge_loadout:Enemies/Slot7,challenge_loadout,Enemies/Slot7,127.5,-22,34,61,1,1,0,0,,,,0,1,1,0,1,,参考图逐页复核；保留节点绑定
369,challenge_loadout:Enemies/Slot7/Icon,challenge_loadout,Enemies/Slot7/Icon,-25,0,34,34,1,1,0,0,,,,0,1,1,0,1,,参考图逐页复核；保留节点绑定
370,challenge_loadout:Enemies/Slot7/Name,challenge_loadout,Enemies/Slot7/Name,17,0,48,40,1,1,11,15,Microsoft YaHei,#5c3020,,0,1,1,2,1,,参考图逐页复核；保留节点绑定
371,challenge_loadout:Enemies/Slot8,challenge_loadout,Enemies/Slot8,-127.5,-66,34,61,1,1,0,0,,,,0,1,1,0,1,,参考图逐页复核；保留节点绑定
372,challenge_loadout:Enemies/Slot8/Icon,challenge_loadout,Enemies/Slot8/Icon,-25,0,34,34,1,1,0,0,,,,0,1,1,0,1,,参考图逐页复核；保留节点绑定
373,challenge_loadout:Enemies/Slot8/Name,challenge_loadout,Enemies/Slot8/Name,17,0,48,40,1,1,11,15,Microsoft YaHei,#5c3020,,0,1,1,2,1,,参考图逐页复核；保留节点绑定
374,challenge_loadout:Enemies/Slot9,challenge_loadout,Enemies/Slot9,-42.5,-66,34,61,1,1,0,0,,,,0,1,1,0,1,,参考图逐页复核；保留节点绑定
375,challenge_loadout:Enemies/Slot9/Icon,challenge_loadout,Enemies/Slot9/Icon,-25,0,34,34,1,1,0,0,,,,0,1,1,0,1,,参考图逐页复核；保留节点绑定
376,challenge_loadout:Enemies/Slot9/Name,challenge_loadout,Enemies/Slot9/Name,17,0,48,40,1,1,11,15,Microsoft YaHei,#5c3020,,0,1,1,2,1,,参考图逐页复核；保留节点绑定
377,challenge_loadout:Hint,challenge_loadout,Hint,0,-176,330,24,1,1,12,16,Microsoft YaHei,#797363,,0,1,1,2,1,,参考图逐页复核；保留节点绑定
378,challenge_loadout:Candidates,challenge_loadout,Candidates,0,-19,353,265,1,1,0,0,,,,0,1,1,0,1,,参考图逐页复核；保留节点绑定
379,challenge_loadout:Candidates/Slot0,challenge_loadout,Candidates/Slot0,-130.5,64,84,122,1,1,0,0,,,,0,1,1,0,1,,参考图逐页复核；保留节点绑定
380,challenge_loadout:Candidates/Slot1,challenge_loadout,Candidates/Slot1,-43.5,64,84,122,1,1,0,0,,,,0,1,1,0,1,,参考图逐页复核；保留节点绑定
381,challenge_loadout:Candidates/Slot2,challenge_loadout,Candidates/Slot2,43.5,64,84,122,1,1,0,0,,,,0,1,1,0,1,,参考图逐页复核；保留节点绑定
382,challenge_loadout:Candidates/Slot3,challenge_loadout,Candidates/Slot3,130.5,64,84,122,1,1,0,0,,,,0,1,1,0,1,,参考图逐页复核；保留节点绑定
383,challenge_loadout:Candidates/Slot4,challenge_loadout,Candidates/Slot4,-130.5,-64,84,122,1,1,0,0,,,,0,1,1,0,1,,参考图逐页复核；保留节点绑定
384,challenge_loadout:Candidates/Slot5,challenge_loadout,Candidates/Slot5,-43.5,-64,84,122,1,1,0,0,,,,0,1,1,0,1,,参考图逐页复核；保留节点绑定
385,challenge_loadout:Candidates/Slot6,challenge_loadout,Candidates/Slot6,43.5,-64,84,122,1,1,0,0,,,,0,1,1,0,1,,参考图逐页复核；保留节点绑定
386,challenge_loadout:Candidates/Slot7,challenge_loadout,Candidates/Slot7,130.5,-64,84,122,1,1,0,0,,,,0,1,1,0,1,,参考图逐页复核；保留节点绑定
387,challenge_loadout:Title,challenge_loadout,Title,-7,197,195,43,1,1,25,29,Microsoft YaHei,#4c1c12,#ffffff,2,1,1,2,1,,参考图逐页复核；保留节点绑定
388,challenge_loadout:LevelTitle,challenge_loadout,LevelTitle,70,237.83999999999997,207,32,1,1,18,24,Microsoft YaHei,#5c3020,,0,1,1,2,0,,参考图逐页复核；保留节点绑定
389,challenge_loadout:Stats,challenge_loadout,Stats,70,205.83999999999997,207,38,1,1,13,19,Microsoft YaHei,#5c3020,,0,1,1,2,0,,参考图逐页复核；保留节点绑定
390,challenge_loadout:EnemyTitle,challenge_loadout,EnemyTitle,-103,131.83999999999997,135,25,1,1,14,20,Microsoft YaHei,#5c3020,,0,1,1,2,0,,参考图逐页复核；保留节点绑定
391,challenge_loadout:SelectedTitle,challenge_loadout,SelectedTitle,-73,118,197,29,1,1,19,23,Microsoft YaHei,#075b44,,0,1,1,2,1,,参考图逐页复核；保留节点绑定
392,challenge_loadout:Back,challenge_loadout,Back,169,145,38,38,1,1,0,0,,,,0,1,1,0,1,,参考图逐页复核；保留节点绑定
393,challenge_loadout:Back/Shadow,challenge_loadout,Back/Shadow,0,-4,52,48,1,1,0,0,,,,0,1,1,0,0,window_flat,参考图逐页复核；保留节点绑定
394,challenge_loadout:Back/Shadow/Artwork,challenge_loadout,Back/Shadow/Artwork,0,0,52,48,1,1,0,0,,,,0,1,1,0,1,,参考图逐页复核；保留节点绑定
395,challenge_loadout:Back/Surface,challenge_loadout,Back/Surface,0,0,52,48,1,1,0,0,,,,0,1,1,0,0,button_green,参考图逐页复核；保留节点绑定
396,challenge_loadout:Back/Surface/Artwork,challenge_loadout,Back/Surface/Artwork,0,0,52,48,1,1,0,0,,,,0,1,1,0,1,,参考图逐页复核；保留节点绑定
397,challenge_loadout:Back/Disabled,challenge_loadout,Back/Disabled,0,0,52,48,1,1,0,0,,,,0,1,1,0,0,button_disabled,参考图逐页复核；保留节点绑定
398,challenge_loadout:Back/Disabled/Artwork,challenge_loadout,Back/Disabled/Artwork,0,0,52,48,1,1,0,0,,,,0,1,1,0,1,,参考图逐页复核；保留节点绑定
399,challenge_loadout:Back/Cross,challenge_loadout,Back/Cross,0,0,40,40,1,1,0,0,,,,0,1,1,0,1,close_red,参考图逐页复核；保留节点绑定
400,challenge_loadout:Back/Cross/Artwork,challenge_loadout,Back/Cross/Artwork,0,0,40,40,1,1,0,0,,,,0,1,1,0,1,,参考图逐页复核；保留节点绑定
401,challenge_loadout:Back/Text,challenge_loadout,Back/Text,0,0,44,44,1,1,15,21,Microsoft YaHei,#5c3020,,0,1,1,2,0,,参考图逐页复核；保留节点绑定
402,challenge_loadout:Default,challenge_loadout,Default,117,118,98,31,1,1,0,0,,,,0,1,1,0,1,,参考图逐页复核；保留节点绑定
403,challenge_loadout:Default/Shadow,challenge_loadout,Default/Shadow,0,-4,96,28,1,1,0,0,,,,0,1,1,0,0,window_flat,参考图逐页复核；保留节点绑定
404,challenge_loadout:Default/Shadow/Artwork,challenge_loadout,Default/Shadow/Artwork,0,0,96,28,1,1,0,0,,,,0,1,1,0,1,,参考图逐页复核；保留节点绑定
405,challenge_loadout:Default/Surface,challenge_loadout,Default/Surface,0,0,98,31,1,1,0,0,,,,0,1,1,0,1,mint_pill,参考图逐页复核；保留节点绑定
406,challenge_loadout:Default/Surface/Artwork,challenge_loadout,Default/Surface/Artwork,0,0,96,28,1,1,0,0,,,,0,1,1,0,1,,参考图逐页复核；保留节点绑定
407,challenge_loadout:Default/Disabled,challenge_loadout,Default/Disabled,0,0,98,31,1,1,0,0,,,,0,1,1,0,0,button_disabled,参考图逐页复核；保留节点绑定
408,challenge_loadout:Default/Disabled/Artwork,challenge_loadout,Default/Disabled/Artwork,0,0,96,28,1,1,0,0,,,,0,1,1,0,1,,参考图逐页复核；保留节点绑定
409,challenge_loadout:Default/Text,challenge_loadout,Default/Text,0,0,95,28,1,1,14,18,Microsoft YaHei,#344e35,,0,1,1,2,1,,参考图逐页复核；保留节点绑定
410,challenge_loadout:Start,challenge_loadout,Start,0,-226,231,54,1,1,0,0,,,,0,1,1,0,1,,参考图逐页复核；保留节点绑定
411,challenge_loadout:Start/Shadow,challenge_loadout,Start/Shadow,0,-4,212,42,1,1,0,0,,,,0,1,1,0,0,window_flat,参考图逐页复核；保留节点绑定
412,challenge_loadout:Start/Shadow/Artwork,challenge_loadout,Start/Shadow/Artwork,0,0,212,42,1,1,0,0,,,,0,1,1,0,1,,参考图逐页复核；保留节点绑定
413,challenge_loadout:Start/Surface,challenge_loadout,Start/Surface,0,0,231,54,1,1,0,0,,,,0,1,1,0,1,button_gold,参考图逐页复核；保留节点绑定
414,challenge_loadout:Start/Surface/Artwork,challenge_loadout,Start/Surface/Artwork,0,0,212,42,1,1,0,0,,,,0,1,1,0,1,,参考图逐页复核；保留节点绑定
415,challenge_loadout:Start/Disabled,challenge_loadout,Start/Disabled,0,0,231,54,1,1,0,0,,,,0,1,1,0,0,button_disabled,参考图逐页复核；保留节点绑定
416,challenge_loadout:Start/Disabled/Artwork,challenge_loadout,Start/Disabled/Artwork,0,0,212,42,1,1,0,0,,,,0,1,1,0,1,,参考图逐页复核；保留节点绑定
417,challenge_loadout:Start/Text,challenge_loadout,Start/Text,0,0,217,45,1,1,28,32,Microsoft YaHei,#4c1c12,,0,1,1,2,1,,参考图逐页复核；保留节点绑定
418,challenge_pick:root,challenge_pick,@,0,0,390,693.68,1,1,0,0,,,,0,1,1,0,1,,参考图逐页复核；保留节点绑定
419,challenge_pick:Dim,challenge_pick,Dim,0,0,390,693.68,1,1,0,0,,,,0,1,1,0,1,round_0,参考图逐页复核；保留节点绑定
420,challenge_pick:Dim/Artwork,challenge_pick,Dim/Artwork,0,0,390,693.68,1,1,0,0,,,,0,1,1,0,1,,参考图逐页复核；保留节点绑定
421,challenge_pick:Banner,challenge_pick,Banner,0,221,316,117,1,1,0,0,,,,0,1,1,0,1,night_banner,参考图逐页复核；保留节点绑定
422,challenge_pick:Banner/Artwork,challenge_pick,Banner/Artwork,0,0,354,86,1,1,0,0,,,,0,1,1,0,1,,参考图逐页复核；保留节点绑定
423,challenge_pick:Cards,challenge_pick,Cards,0,-11,374,306,1,1,0,0,,,,0,1,1,0,1,,参考图逐页复核；保留节点绑定
424,challenge_pick:Cards/Slot0,challenge_pick,Cards/Slot0,-124,0,118,306,1,1,0,0,,,,0,1,1,0,1,,参考图逐页复核；保留节点绑定
425,challenge_pick:Cards/Slot1,challenge_pick,Cards/Slot1,0,0,118,306,1,1,0,0,,,,0,1,1,0,1,,参考图逐页复核；保留节点绑定
426,challenge_pick:Cards/Slot2,challenge_pick,Cards/Slot2,124,0,118,306,1,1,0,0,,,,0,1,1,0,1,,参考图逐页复核；保留节点绑定
427,challenge_pick:Feedback,challenge_pick,Feedback,0,-259,350,26,1,1,13,17,Microsoft YaHei,#fff7d6,,0,1,1,2,1,,参考图逐页复核；保留节点绑定
428,challenge_pick:Page,challenge_pick,Page,0,-219.16000000000003,120,28,1,1,13,19,Microsoft YaHei,#5c3020,,0,1,1,2,1,,参考图逐页复核；保留节点绑定
429,challenge_pick:Entry,challenge_pick,Entry,126,258,118,29,1,1,0,0,,,,0,1,1,0,1,,参考图逐页复核；保留节点绑定
430,challenge_pick:Entry/Shadow,challenge_pick,Entry/Shadow,0,-4,115,31,1,1,0,0,,,,0,1,1,0,0,window_flat,参考图逐页复核；保留节点绑定
431,challenge_pick:Entry/Shadow/Artwork,challenge_pick,Entry/Shadow/Artwork,0,0,115,31,1,1,0,0,,,,0,1,1,0,1,,参考图逐页复核；保留节点绑定
432,challenge_pick:Entry/Surface,challenge_pick,Entry/Surface,0,0,115,31,1,1,0,0,,,,0,1,1,0,1,window_mint,参考图逐页复核；保留节点绑定
433,challenge_pick:Entry/Surface/Artwork,challenge_pick,Entry/Surface/Artwork,0,0,115,31,1,1,0,0,,,,0,1,1,0,1,,参考图逐页复核；保留节点绑定
434,challenge_pick:Entry/Disabled,challenge_pick,Entry/Disabled,0,0,115,31,1,1,0,0,,,,0,1,1,0,0,button_disabled,参考图逐页复核；保留节点绑定
435,challenge_pick:Entry/Disabled/Artwork,challenge_pick,Entry/Disabled/Artwork,0,0,115,31,1,1,0,0,,,,0,1,1,0,1,,参考图逐页复核；保留节点绑定
436,challenge_pick:Entry/Text,challenge_pick,Entry/Text,0,0,107,27,1,1,16,20,Microsoft YaHei,#075b44,,0,1,1,2,1,,参考图逐页复核；保留节点绑定
437,challenge_pick:Title,challenge_pick,Title,-6,234,160,45,1,1,32,39,Microsoft YaHei,#4c1c12,#ffffff,2.4,1,1,2,1,,参考图逐页复核；保留节点绑定
438,challenge_pick:Count,challenge_pick,Count,0,195,296,26,1,1,16,20,Microsoft YaHei,#4c1c12,,0,1,1,2,1,,参考图逐页复核；保留节点绑定
439,challenge_pick:RefreshCount,challenge_pick,RefreshCount,0,-184,346,29,1,1,16,20,Microsoft YaHei,#ffffff,,0,1,1,2,1,,参考图逐页复核；保留节点绑定
440,challenge_pick:Refresh,challenge_pick,Refresh,0,-223,202,48,1,1,0,0,,,,0,1,1,0,1,,参考图逐页复核；保留节点绑定
441,challenge_pick:Refresh/Shadow,challenge_pick,Refresh/Shadow,0,-4,208,45,1,1,0,0,,,,0,1,1,0,0,window_flat,参考图逐页复核；保留节点绑定
442,challenge_pick:Refresh/Shadow/Artwork,challenge_pick,Refresh/Shadow/Artwork,0,0,208,45,1,1,0,0,,,,0,1,1,0,1,,参考图逐页复核；保留节点绑定
443,challenge_pick:Refresh/Surface,challenge_pick,Refresh/Surface,0,0,202,48,1,1,0,0,,,,0,1,1,0,1,button_gold,参考图逐页复核；保留节点绑定
444,challenge_pick:Refresh/Surface/Artwork,challenge_pick,Refresh/Surface/Artwork,0,0,208,45,1,1,0,0,,,,0,1,1,0,1,,参考图逐页复核；保留节点绑定
445,challenge_pick:Refresh/Disabled,challenge_pick,Refresh/Disabled,0,0,202,48,1,1,0,0,,,,0,1,1,0,0,button_disabled,参考图逐页复核；保留节点绑定
446,challenge_pick:Refresh/Disabled/Artwork,challenge_pick,Refresh/Disabled/Artwork,0,0,208,45,1,1,0,0,,,,0,1,1,0,1,,参考图逐页复核；保留节点绑定
447,challenge_pick:Refresh/Play,challenge_pick,Refresh/Play,-79.5,0,17,17,1,1,0,0,,,,0,1,1,0,1,shape_544998b285,参考图逐页复核；保留节点绑定
448,challenge_pick:Refresh/Play/Artwork,challenge_pick,Refresh/Play/Artwork,0,0,21,21,1,1,0,0,,,,0,1,1,0,1,,参考图逐页复核；保留节点绑定
449,challenge_pick:Refresh/Text,challenge_pick,Refresh/Text,0,0,193,41,1,1,25,29,Microsoft YaHei,#4c1c12,,0,1,1,2,1,,参考图逐页复核；保留节点绑定
450,challenge_pick:Close,challenge_pick,Close,0,-266.66,208,45,1,1,0,0,,,,0,1,1,0,1,,参考图逐页复核；保留节点绑定
451,challenge_pick:Close/Shadow,challenge_pick,Close/Shadow,0,-4,208,45,1,1,0,0,,,,0,1,1,0,0,window_flat,参考图逐页复核；保留节点绑定
452,challenge_pick:Close/Shadow/Artwork,challenge_pick,Close/Shadow/Artwork,0,0,208,45,1,1,0,0,,,,0,1,1,0,1,,参考图逐页复核；保留节点绑定
453,challenge_pick:Close/Surface,challenge_pick,Close/Surface,0,0,208,45,1,1,0,0,,,,0,1,1,0,1,button_green,参考图逐页复核；保留节点绑定
454,challenge_pick:Close/Surface/Artwork,challenge_pick,Close/Surface/Artwork,0,0,208,45,1,1,0,0,,,,0,1,1,0,1,,参考图逐页复核；保留节点绑定
455,challenge_pick:Close/Disabled,challenge_pick,Close/Disabled,0,0,208,45,1,1,0,0,,,,0,1,1,0,0,button_disabled,参考图逐页复核；保留节点绑定
456,challenge_pick:Close/Disabled/Artwork,challenge_pick,Close/Disabled/Artwork,0,0,208,45,1,1,0,0,,,,0,1,1,0,1,,参考图逐页复核；保留节点绑定
457,challenge_pick:Close/Text,challenge_pick,Close/Text,0,0,200,41,1,1,16,22,Microsoft YaHei,#5c3020,,0,1,1,2,1,,参考图逐页复核；保留节点绑定
458,challenge_pick:Previous,challenge_pick,Previous,-151,-266.66,52,43,1,1,0,0,,,,0,1,1,0,1,,参考图逐页复核；保留节点绑定
459,challenge_pick:Previous/Shadow,challenge_pick,Previous/Shadow,0,-4,52,43,1,1,0,0,,,,0,1,1,0,0,window_flat,参考图逐页复核；保留节点绑定
460,challenge_pick:Previous/Shadow/Artwork,challenge_pick,Previous/Shadow/Artwork,0,0,52,43,1,1,0,0,,,,0,1,1,0,1,,参考图逐页复核；保留节点绑定
461,challenge_pick:Previous/Surface,challenge_pick,Previous/Surface,0,0,52,43,1,1,0,0,,,,0,1,1,0,1,button_green,参考图逐页复核；保留节点绑定
462,challenge_pick:Previous/Surface/Artwork,challenge_pick,Previous/Surface/Artwork,0,0,52,43,1,1,0,0,,,,0,1,1,0,1,,参考图逐页复核；保留节点绑定
463,challenge_pick:Previous/Disabled,challenge_pick,Previous/Disabled,0,0,52,43,1,1,0,0,,,,0,1,1,0,0,button_disabled,参考图逐页复核；保留节点绑定
464,challenge_pick:Previous/Disabled/Artwork,challenge_pick,Previous/Disabled/Artwork,0,0,52,43,1,1,0,0,,,,0,1,1,0,1,,参考图逐页复核；保留节点绑定
465,challenge_pick:Previous/Text,challenge_pick,Previous/Text,0,0,44,39,1,1,23,29,Microsoft YaHei,#5c3020,,0,1,1,2,1,,参考图逐页复核；保留节点绑定
466,challenge_pick:Next,challenge_pick,Next,151,-266.66,52,43,1,1,0,0,,,,0,1,1,0,1,,参考图逐页复核；保留节点绑定
467,challenge_pick:Next/Shadow,challenge_pick,Next/Shadow,0,-4,52,43,1,1,0,0,,,,0,1,1,0,0,window_flat,参考图逐页复核；保留节点绑定
468,challenge_pick:Next/Shadow/Artwork,challenge_pick,Next/Shadow/Artwork,0,0,52,43,1,1,0,0,,,,0,1,1,0,1,,参考图逐页复核；保留节点绑定
469,challenge_pick:Next/Surface,challenge_pick,Next/Surface,0,0,52,43,1,1,0,0,,,,0,1,1,0,1,button_green,参考图逐页复核；保留节点绑定
470,challenge_pick:Next/Surface/Artwork,challenge_pick,Next/Surface/Artwork,0,0,52,43,1,1,0,0,,,,0,1,1,0,1,,参考图逐页复核；保留节点绑定
471,challenge_pick:Next/Disabled,challenge_pick,Next/Disabled,0,0,52,43,1,1,0,0,,,,0,1,1,0,0,button_disabled,参考图逐页复核；保留节点绑定
472,challenge_pick:Next/Disabled/Artwork,challenge_pick,Next/Disabled/Artwork,0,0,52,43,1,1,0,0,,,,0,1,1,0,1,,参考图逐页复核；保留节点绑定
473,challenge_pick:Next/Text,challenge_pick,Next/Text,0,0,44,39,1,1,23,29,Microsoft YaHei,#5c3020,,0,1,1,2,1,,参考图逐页复核；保留节点绑定
474,challenge_pick:SupplyHint,challenge_pick,SupplyHint,0,157,347,24,1,1,14,18,Microsoft YaHei,#fff7d6,,0,1,1,2,1,,参考图逐页复核；保留节点绑定
475,challenge_staff_card:root,challenge_staff_card,@,0,0,84,117,1,1,0,0,,,,0,1,1,0,1,,参考图逐页复核；保留节点绑定
476,challenge_staff_card:Panel,challenge_staff_card,Panel,0,0,82,84,1,1,0,0,,,,0,1,1,0,0,,参考图逐页复核；保留节点绑定
477,challenge_staff_card:Panel/Shadow,challenge_staff_card,Panel/Shadow,0,-4,82,84,1,1,0,0,,,,0,1,1,0,0,window_flat,参考图逐页复核；保留节点绑定
478,challenge_staff_card:Panel/Shadow/Artwork,challenge_staff_card,Panel/Shadow/Artwork,0,0,82,84,1,1,0,0,,,,0,1,1,0,1,,参考图逐页复核；保留节点绑定
479,challenge_staff_card:Panel/Surface,challenge_staff_card,Panel/Surface,0,0,82,84,1,1,0,0,,,,0,1,1,0,1,window_flat,参考图逐页复核；保留节点绑定
480,challenge_staff_card:Panel/Surface/Artwork,challenge_staff_card,Panel/Surface/Artwork,0,0,82,84,1,1,0,0,,,,0,1,1,0,1,,参考图逐页复核；保留节点绑定
481,challenge_staff_card:Circle,challenge_staff_card,Circle,0,19,82,82,1,1,0,0,,,,0,1,1,0,1,portrait_normal,参考图逐页复核；保留节点绑定
482,challenge_staff_card:Circle/Artwork,challenge_staff_card,Circle/Artwork,0,0,82,82,1,1,0,0,,,,0,1,1,0,1,,参考图逐页复核；保留节点绑定
483,challenge_staff_card:Selected,challenge_staff_card,Selected,26,-8,24,24,1,1,0,0,,,,0,1,1,0,1,icon_check,参考图逐页复核；保留节点绑定
484,challenge_staff_card:Selected/Artwork,challenge_staff_card,Selected/Artwork,0,0,84,86,1,1,0,0,,,,0,1,1,0,1,,参考图逐页复核；保留节点绑定
485,challenge_staff_card:Icon,challenge_staff_card,Icon,0,19,74,74,1,1,0,0,,,,0,1,1,0,1,disc,参考图逐页复核；保留节点绑定
486,challenge_staff_card:Info,challenge_staff_card,Info,26,24.5,24,29,1,1,0,0,,,,0,1,1,0,0,,参考图逐页复核；保留节点绑定
487,challenge_staff_card:Info/Shadow,challenge_staff_card,Info/Shadow,0,-4,24,29,1,1,0,0,,,,0,1,1,0,0,round_12,参考图逐页复核；保留节点绑定
488,challenge_staff_card:Info/Shadow/Artwork,challenge_staff_card,Info/Shadow/Artwork,0,0,24,29,1,1,0,0,,,,0,1,1,0,1,,参考图逐页复核；保留节点绑定
489,challenge_staff_card:Info/Surface,challenge_staff_card,Info/Surface,0,0,24,29,1,1,0,0,,,,0,1,1,0,1,round_12,参考图逐页复核；保留节点绑定
490,challenge_staff_card:Info/Surface/Artwork,challenge_staff_card,Info/Surface/Artwork,0,0,24,29,1,1,0,0,,,,0,1,1,0,1,,参考图逐页复核；保留节点绑定
491,challenge_staff_card:Info/Disabled,challenge_staff_card,Info/Disabled,0,0,24,29,1,1,0,0,,,,0,1,1,0,0,round_12,参考图逐页复核；保留节点绑定
492,challenge_staff_card:Info/Disabled/Artwork,challenge_staff_card,Info/Disabled/Artwork,0,0,24,29,1,1,0,0,,,,0,1,1,0,1,,参考图逐页复核；保留节点绑定
493,challenge_staff_card:Info/Text,challenge_staff_card,Info/Text,0,0,16,25,1,1,14,20,Microsoft YaHei,#5c3020,,0,1,1,2,1,,参考图逐页复核；保留节点绑定
494,challenge_staff_card:Name,challenge_staff_card,Name,0,-34,84,24,1,1,17,21,Microsoft YaHei,#075b44,,0,1,1,2,1,,参考图逐页复核；保留节点绑定
495,challenge_staff_card:Role,challenge_staff_card,Role,0,-56,84,24,1,1,12,16,Microsoft YaHei,#665b43,,0,1,1,2,1,,参考图逐页复核；保留节点绑定
496,challenge_staff_card:SelectedRing,challenge_staff_card,SelectedRing,0,19,82,82,1,1,0,0,,,,0,1,1,0,1,portrait_selected,参考图逐页复核；保留节点绑定
497,challenge_staff_card:SelectedRing/Artwork,challenge_staff_card,SelectedRing/Artwork,0,0,82,82,1,1,0,0,,,,0,1,1,0,1,,参考图逐页复核；保留节点绑定
498,collection:root,collection,@,0,0,390,693.68,1,1,0,0,,,,0,1,1,0,1,,参考图逐页复核；保留节点绑定
499,collection:Dim,collection,Dim,0,0,390,693.68,1,1,0,0,,,,0,1,1,0,1,round_0,参考图逐页复核；保留节点绑定
500,collection:Dim/Artwork,collection,Dim/Artwork,0,0,390,693.68,1,1,0,0,,,,0,1,1,0,1,,参考图逐页复核；保留节点绑定
501,collection:Panel,collection,Panel,0,-12,366,534,1,1,0,0,,,,0,1,1,0,1,book_frame,参考图逐页复核；保留节点绑定
502,collection:Panel/Artwork,collection,Panel/Artwork,0,0,362,540,1,1,0,0,,,,0,1,1,0,1,,参考图逐页复核；保留节点绑定
503,collection:Tab-enemies,collection,Tab-enemies,0,181,94,35,1,1,0,0,,,,0,1,1,0,1,,参考图逐页复核；保留节点绑定
504,collection:Tab-enemies/Selected,collection,Tab-enemies/Selected,0,0,94,35,1,1,0,0,,,,0,1,1,0,1,,参考图逐页复核；保留节点绑定
505,collection:Tab-enemies/Selected/Shadow,collection,Tab-enemies/Selected/Shadow,0,-4,110,48,1,1,0,0,,,,0,1,1,0,0,window_cream,参考图逐页复核；保留节点绑定
506,collection:Tab-enemies/Selected/Shadow/Artwork,collection,Tab-enemies/Selected/Shadow/Artwork,0,0,110,48,1,1,0,0,,,,0,1,1,0,1,,参考图逐页复核；保留节点绑定
507,collection:Tab-enemies/Selected/Surface,collection,Tab-enemies/Selected/Surface,0,0,94,35,1,1,0,0,,,,0,1,1,0,1,tab_selected,参考图逐页复核；保留节点绑定
508,collection:Tab-enemies/Selected/Surface/Artwork,collection,Tab-enemies/Selected/Surface/Artwork,0,0,110,48,1,1,0,0,,,,0,1,1,0,1,,参考图逐页复核；保留节点绑定
509,collection:Tab-enemies/Normal,collection,Tab-enemies/Normal,0,0,94,35,1,1,0,0,,,,0,1,1,0,1,,参考图逐页复核；保留节点绑定
510,collection:Tab-enemies/Normal/Shadow,collection,Tab-enemies/Normal/Shadow,0,-4,110,48,1,1,0,0,,,,0,1,1,0,0,window_cream,参考图逐页复核；保留节点绑定
511,collection:Tab-enemies/Normal/Shadow/Artwork,collection,Tab-enemies/Normal/Shadow/Artwork,0,0,110,48,1,1,0,0,,,,0,1,1,0,1,,参考图逐页复核；保留节点绑定
512,collection:Tab-enemies/Normal/Surface,collection,Tab-enemies/Normal/Surface,0,0,94,35,1,1,0,0,,,,0,1,1,0,1,tab_normal,参考图逐页复核；保留节点绑定
513,collection:Tab-enemies/Normal/Surface/Artwork,collection,Tab-enemies/Normal/Surface/Artwork,0,0,110,48,1,1,0,0,,,,0,1,1,0,1,,参考图逐页复核；保留节点绑定
514,collection:Tab-enemies/Text,collection,Tab-enemies/Text,0,0,90,32,1,1,20,25,Microsoft YaHei,#5c3020,,0,1,1,2,1,,参考图逐页复核；保留节点绑定
515,collection:Tab-goods,collection,Tab-goods,106,181,94,35,1,1,0,0,,,,0,1,1,0,1,,参考图逐页复核；保留节点绑定
516,collection:Tab-goods/Selected,collection,Tab-goods/Selected,0,0,94,35,1,1,0,0,,,,0,1,1,0,1,,参考图逐页复核；保留节点绑定
517,collection:Tab-goods/Selected/Shadow,collection,Tab-goods/Selected/Shadow,0,-4,110,48,1,1,0,0,,,,0,1,1,0,0,window_cream,参考图逐页复核；保留节点绑定
518,collection:Tab-goods/Selected/Shadow/Artwork,collection,Tab-goods/Selected/Shadow/Artwork,0,0,110,48,1,1,0,0,,,,0,1,1,0,1,,参考图逐页复核；保留节点绑定
519,collection:Tab-goods/Selected/Surface,collection,Tab-goods/Selected/Surface,0,0,94,35,1,1,0,0,,,,0,1,1,0,1,tab_selected,参考图逐页复核；保留节点绑定
520,collection:Tab-goods/Selected/Surface/Artwork,collection,Tab-goods/Selected/Surface/Artwork,0,0,110,48,1,1,0,0,,,,0,1,1,0,1,,参考图逐页复核；保留节点绑定
521,collection:Tab-goods/Normal,collection,Tab-goods/Normal,0,0,94,35,1,1,0,0,,,,0,1,1,0,1,,参考图逐页复核；保留节点绑定
522,collection:Tab-goods/Normal/Shadow,collection,Tab-goods/Normal/Shadow,0,-4,110,48,1,1,0,0,,,,0,1,1,0,0,window_cream,参考图逐页复核；保留节点绑定
523,collection:Tab-goods/Normal/Shadow/Artwork,collection,Tab-goods/Normal/Shadow/Artwork,0,0,110,48,1,1,0,0,,,,0,1,1,0,1,,参考图逐页复核；保留节点绑定
524,collection:Tab-goods/Normal/Surface,collection,Tab-goods/Normal/Surface,0,0,94,35,1,1,0,0,,,,0,1,1,0,1,tab_normal,参考图逐页复核；保留节点绑定
525,collection:Tab-goods/Normal/Surface/Artwork,collection,Tab-goods/Normal/Surface/Artwork,0,0,110,48,1,1,0,0,,,,0,1,1,0,1,,参考图逐页复核；保留节点绑定
526,collection:Tab-goods/Text,collection,Tab-goods/Text,0,0,90,32,1,1,20,25,Microsoft YaHei,#5c3020,,0,1,1,2,1,,参考图逐页复核；保留节点绑定
527,collection:Tab-staff,collection,Tab-staff,-106,181,94,35,1,1,0,0,,,,0,1,1,0,1,,参考图逐页复核；保留节点绑定
528,collection:Tab-staff/Selected,collection,Tab-staff/Selected,0,0,94,35,1,1,0,0,,,,0,1,1,0,1,,参考图逐页复核；保留节点绑定
529,collection:Tab-staff/Selected/Shadow,collection,Tab-staff/Selected/Shadow,0,-4,110,48,1,1,0,0,,,,0,1,1,0,0,window_cream,参考图逐页复核；保留节点绑定
530,collection:Tab-staff/Selected/Shadow/Artwork,collection,Tab-staff/Selected/Shadow/Artwork,0,0,110,48,1,1,0,0,,,,0,1,1,0,1,,参考图逐页复核；保留节点绑定
531,collection:Tab-staff/Selected/Surface,collection,Tab-staff/Selected/Surface,0,0,94,35,1,1,0,0,,,,0,1,1,0,1,tab_selected,参考图逐页复核；保留节点绑定
532,collection:Tab-staff/Selected/Surface/Artwork,collection,Tab-staff/Selected/Surface/Artwork,0,0,110,48,1,1,0,0,,,,0,1,1,0,1,,参考图逐页复核；保留节点绑定
533,collection:Tab-staff/Normal,collection,Tab-staff/Normal,0,0,94,35,1,1,0,0,,,,0,1,1,0,1,,参考图逐页复核；保留节点绑定
534,collection:Tab-staff/Normal/Shadow,collection,Tab-staff/Normal/Shadow,0,-4,110,48,1,1,0,0,,,,0,1,1,0,0,window_cream,参考图逐页复核；保留节点绑定
535,collection:Tab-staff/Normal/Shadow/Artwork,collection,Tab-staff/Normal/Shadow/Artwork,0,0,110,48,1,1,0,0,,,,0,1,1,0,1,,参考图逐页复核；保留节点绑定
536,collection:Tab-staff/Normal/Surface,collection,Tab-staff/Normal/Surface,0,0,94,35,1,1,0,0,,,,0,1,1,0,1,tab_normal,参考图逐页复核；保留节点绑定
537,collection:Tab-staff/Normal/Surface/Artwork,collection,Tab-staff/Normal/Surface/Artwork,0,0,110,48,1,1,0,0,,,,0,1,1,0,1,,参考图逐页复核；保留节点绑定
538,collection:Tab-staff/Text,collection,Tab-staff/Text,0,0,90,32,1,1,20,25,Microsoft YaHei,#5c3020,,0,1,1,2,1,,参考图逐页复核；保留节点绑定
539,collection:Cards,collection,Cards,0,0,390,693.68,1,1,0,0,,,,0,1,1,0,1,,参考图逐页复核；保留节点绑定
540,collection:Cards/Slot0,collection,Cards/Slot0,-106,87,108,138,1,1,0,0,,,,0,1,1,0,1,,参考图逐页复核；保留节点绑定
541,collection:Cards/Slot1,collection,Cards/Slot1,0,87,108,138,1,1,0,0,,,,0,1,1,0,1,,参考图逐页复核；保留节点绑定
542,collection:Cards/Slot2,collection,Cards/Slot2,106,87,108,138,1,1,0,0,,,,0,1,1,0,1,,参考图逐页复核；保留节点绑定
543,collection:Cards/Slot3,collection,Cards/Slot3,-106,-56,108,138,1,1,0,0,,,,0,1,1,0,1,,参考图逐页复核；保留节点绑定
544,collection:Cards/Slot4,collection,Cards/Slot4,0,-56,108,138,1,1,0,0,,,,0,1,1,0,1,,参考图逐页复核；保留节点绑定
545,collection:Cards/Slot5,collection,Cards/Slot5,106,-56,108,138,1,1,0,0,,,,0,1,1,0,1,,参考图逐页复核；保留节点绑定
546,collection:Cards/Slot6,collection,Cards/Slot6,-106,-199,108,138,1,1,0,0,,,,0,1,1,0,1,,参考图逐页复核；保留节点绑定
547,collection:Cards/Slot7,collection,Cards/Slot7,0,-199,108,138,1,1,0,0,,,,0,1,1,0,1,,参考图逐页复核；保留节点绑定
548,collection:Cards/Slot8,collection,Cards/Slot8,106,-199,108,138,1,1,0,0,,,,0,1,1,0,1,,参考图逐页复核；保留节点绑定
549,collection:Pagination,collection,Pagination,0,-278,74,28,1,1,12,17,Microsoft YaHei,#5c3020,,0,1,1,2,1,,参考图逐页复核；保留节点绑定
550,collection:Footer,collection,Footer,0,-310.16,340,32,1,1,13,19,Microsoft YaHei,#5c3020,,0,1,1,2,0,,参考图逐页复核；保留节点绑定
551,collection:Title,collection,Title,0,216,280,44,1,1,28,33,Microsoft YaHei,#ffffff,#6a3925,1.4,1,1,2,1,,参考图逐页复核；保留节点绑定
552,collection:Count,collection,Count,0,-244,280,20,1,1,11,16,Microsoft YaHei,#5c3020,,0,1,1,2,0,,参考图逐页复核；保留节点绑定
553,collection:Back,collection,Back,162,252,44,44,1,1,0,0,,,,0,1,1,0,1,,参考图逐页复核；保留节点绑定
554,collection:Back/Shadow,collection,Back/Shadow,0,-4,52,48,1,1,0,0,,,,0,1,1,0,0,window_cream,参考图逐页复核；保留节点绑定
555,collection:Back/Shadow/Artwork,collection,Back/Shadow/Artwork,0,0,52,48,1,1,0,0,,,,0,1,1,0,1,,参考图逐页复核；保留节点绑定
556,collection:Back/Surface,collection,Back/Surface,0,0,52,48,1,1,0,0,,,,0,1,1,0,0,button_green,参考图逐页复核；保留节点绑定
557,collection:Back/Surface/Artwork,collection,Back/Surface/Artwork,0,0,52,48,1,1,0,0,,,,0,1,1,0,1,,参考图逐页复核；保留节点绑定
558,collection:Back/Disabled,collection,Back/Disabled,0,0,52,48,1,1,0,0,,,,0,1,1,0,0,button_disabled,参考图逐页复核；保留节点绑定
559,collection:Back/Disabled/Artwork,collection,Back/Disabled/Artwork,0,0,52,48,1,1,0,0,,,,0,1,1,0,1,,参考图逐页复核；保留节点绑定
560,collection:Back/Cross,collection,Back/Cross,0,0,44,44,1,1,0,0,,,,0,1,1,0,1,close_red,参考图逐页复核；保留节点绑定
561,collection:Back/Cross/Artwork,collection,Back/Cross/Artwork,0,0,44,44,1,1,0,0,,,,0,1,1,0,1,,参考图逐页复核；保留节点绑定
562,collection:Back/Text,collection,Back/Text,0,0,44,44,1,1,15,21,Microsoft YaHei,#5c3020,,0,1,1,2,0,,参考图逐页复核；保留节点绑定
563,collection:Previous,collection,Previous,-106,-278,72,30,1,1,0,0,,,,0,1,1,0,1,,参考图逐页复核；保留节点绑定
564,collection:Previous/Shadow,collection,Previous/Shadow,0,-4,100,48,1,1,0,0,,,,0,1,1,0,0,window_cream,参考图逐页复核；保留节点绑定
565,collection:Previous/Shadow/Artwork,collection,Previous/Shadow/Artwork,0,0,100,48,1,1,0,0,,,,0,1,1,0,1,,参考图逐页复核；保留节点绑定
566,collection:Previous/Surface,collection,Previous/Surface,0,0,72,30,1,1,0,0,,,,0,1,1,0,1,button_green,参考图逐页复核；保留节点绑定
567,collection:Previous/Surface/Artwork,collection,Previous/Surface/Artwork,0,0,100,48,1,1,0,0,,,,0,1,1,0,1,,参考图逐页复核；保留节点绑定
568,collection:Previous/Disabled,collection,Previous/Disabled,0,0,72,30,1,1,0,0,,,,0,1,1,0,0,button_disabled,参考图逐页复核；保留节点绑定
569,collection:Previous/Disabled/Artwork,collection,Previous/Disabled/Artwork,0,0,100,48,1,1,0,0,,,,0,1,1,0,1,,参考图逐页复核；保留节点绑定
570,collection:Previous/Text,collection,Previous/Text,0,0,70,28,1,1,12,17,Microsoft YaHei,#5c3020,,0,1,1,2,1,,参考图逐页复核；保留节点绑定
571,collection:Previous/DisabledText,collection,Previous/DisabledText,0,0,70,28,1,1,12,17,Microsoft YaHei,#5c3020,,0,1,1,2,0,,参考图逐页复核；保留节点绑定
572,collection:Next,collection,Next,106,-278,72,30,1,1,0,0,,,,0,1,1,0,1,,参考图逐页复核；保留节点绑定
573,collection:Next/Shadow,collection,Next/Shadow,0,-4,100,48,1,1,0,0,,,,0,1,1,0,0,window_cream,参考图逐页复核；保留节点绑定
574,collection:Next/Shadow/Artwork,collection,Next/Shadow/Artwork,0,0,100,48,1,1,0,0,,,,0,1,1,0,1,,参考图逐页复核；保留节点绑定
575,collection:Next/Surface,collection,Next/Surface,0,0,72,30,1,1,0,0,,,,0,1,1,0,1,button_green,参考图逐页复核；保留节点绑定
576,collection:Next/Surface/Artwork,collection,Next/Surface/Artwork,0,0,100,48,1,1,0,0,,,,0,1,1,0,1,,参考图逐页复核；保留节点绑定
577,collection:Next/Disabled,collection,Next/Disabled,0,0,72,30,1,1,0,0,,,,0,1,1,0,0,button_disabled,参考图逐页复核；保留节点绑定
578,collection:Next/Disabled/Artwork,collection,Next/Disabled/Artwork,0,0,100,48,1,1,0,0,,,,0,1,1,0,1,,参考图逐页复核；保留节点绑定
579,collection:Next/Text,collection,Next/Text,0,0,70,28,1,1,12,17,Microsoft YaHei,#5c3020,,0,1,1,2,1,,参考图逐页复核；保留节点绑定
580,collection:Next/DisabledText,collection,Next/DisabledText,0,0,70,28,1,1,12,17,Microsoft YaHei,#5c3020,,0,1,1,2,0,,参考图逐页复核；保留节点绑定
581,collection_card:root,collection_card,@,0,0,108,138,1,1,0,0,,,,0,1,1,0,1,,参考图逐页复核；保留节点绑定
582,collection_card:Unlocked,collection_card,Unlocked,0,0,163,163,1,1,0,0,,,,0,1,1,0,1,,参考图逐页复核；保留节点绑定
583,collection_card:Unlocked/Shadow,collection_card,Unlocked/Shadow,0,-4,163,163,1,1,0,0,,,,0,1,1,0,0,window_cream,参考图逐页复核；保留节点绑定
584,collection_card:Unlocked/Shadow/Artwork,collection_card,Unlocked/Shadow/Artwork,0,0,163,163,1,1,0,0,,,,0,1,1,0,1,,参考图逐页复核；保留节点绑定
585,collection_card:Unlocked/Surface,collection_card,Unlocked/Surface,0,0,163,163,1,1,0,0,,,,0,1,1,0,0,window_cream,参考图逐页复核；保留节点绑定
586,collection_card:Unlocked/Surface/Artwork,collection_card,Unlocked/Surface/Artwork,0,0,163,163,1,1,0,0,,,,0,1,1,0,1,,参考图逐页复核；保留节点绑定
587,collection_card:Locked,collection_card,Locked,0,0,163,163,1,1,0,0,,,,0,1,1,0,1,,参考图逐页复核；保留节点绑定
588,collection_card:Locked/Shadow,collection_card,Locked/Shadow,0,-4,163,163,1,1,0,0,,,,0,1,1,0,0,window_cream,参考图逐页复核；保留节点绑定
589,collection_card:Locked/Shadow/Artwork,collection_card,Locked/Shadow/Artwork,0,0,163,163,1,1,0,0,,,,0,1,1,0,1,,参考图逐页复核；保留节点绑定
590,collection_card:Locked/Surface,collection_card,Locked/Surface,0,0,163,163,1,1,0,0,,,,0,1,1,0,0,window_cream,参考图逐页复核；保留节点绑定
591,collection_card:Locked/Surface/Artwork,collection_card,Locked/Surface/Artwork,0,0,163,163,1,1,0,0,,,,0,1,1,0,1,,参考图逐页复核；保留节点绑定
592,collection_card:PortraitBackground,collection_card,PortraitBackground,0,0,0,0,1,1,0,0,,,,0,1,1,0,1,window_cream,参考图逐页复核；保留节点绑定
593,collection_card:PortraitBackground/Artwork,collection_card,PortraitBackground/Artwork,0,0,147,115,1,1,0,0,,,,0,1,1,0,1,,参考图逐页复核；保留节点绑定
594,collection_card:LockedPortraitBackground,collection_card,LockedPortraitBackground,0,0,0,0,1,1,0,0,,,,0,1,1,0,1,window_cream,参考图逐页复核；保留节点绑定
595,collection_card:LockedPortraitBackground/Artwork,collection_card,LockedPortraitBackground/Artwork,0,0,147,115,1,1,0,0,,,,0,1,1,0,1,,参考图逐页复核；保留节点绑定
596,collection_card:Shelf,collection_card,Shelf,0,-29,108,14,1,1,0,0,,,,0,1,1,0,0,shelf,参考图逐页复核；保留节点绑定
597,collection_card:Shelf/Artwork,collection_card,Shelf/Artwork,0,0,108,14,1,1,0,0,,,,0,1,1,0,1,,参考图逐页复核；保留节点绑定
598,collection_card:Tag,collection_card,Tag,0,-48,90,27,1,1,0,0,,,,0,1,1,0,1,name_tag,参考图逐页复核；保留节点绑定
599,collection_card:Tag/Artwork,collection_card,Tag/Artwork,0,0,96,22,1,1,0,0,,,,0,1,1,0,1,,参考图逐页复核；保留节点绑定
600,collection_card:Portrait,collection_card,Portrait,0,12,93,99,1,1,0,0,,,,0,1,1,0,1,,参考图逐页复核；保留节点绑定
601,collection_card:Name,collection_card,Name,0,-48,83,23,1,1,14,19,Microsoft YaHei,#5c3020,,0,1,1,2,1,,参考图逐页复核；保留节点绑定
602,detail:root,detail,@,0,0,390,693.68,1,1,0,0,,,,0,1,1,0,1,,参考图逐页复核；保留节点绑定
603,detail:Dim,detail,Dim,0,0,390,693.68,1,1,0,0,,,,0,1,1,0,1,round_0,参考图逐页复核；保留节点绑定
604,detail:Dim/Artwork,detail,Dim/Artwork,0,0,390,693.68,1,1,0,0,,,,0,1,1,0,1,,参考图逐页复核；保留节点绑定
605,detail:Panel,detail,Panel,0,-5.160000000000025,340,606,1,1,0,0,,,,0,1,1,0,1,,参考图逐页复核；保留节点绑定
606,detail:Panel/Shadow,detail,Panel/Shadow,0,-4,340,606,1,1,0,0,,,,0,1,1,0,0,window_flat,参考图逐页复核；保留节点绑定
607,detail:Panel/Shadow/Artwork,detail,Panel/Shadow/Artwork,0,0,340,606,1,1,0,0,,,,0,1,1,0,1,,参考图逐页复核；保留节点绑定
608,detail:Panel/Surface,detail,Panel/Surface,0,0,340,606,1,1,0,0,,,,0,1,1,0,1,window_flat,参考图逐页复核；保留节点绑定
609,detail:Panel/Surface/Artwork,detail,Panel/Surface/Artwork,0,0,340,606,1,1,0,0,,,,0,1,1,0,1,,参考图逐页复核；保留节点绑定
610,detail:PictureBackground,detail,PictureBackground,0,166,190,132,1,1,0,0,,,,0,1,1,0,1,window_flat,参考图逐页复核；保留节点绑定
611,detail:PictureBackground/Artwork,detail,PictureBackground/Artwork,0,0,190,132,1,1,0,0,,,,0,1,1,0,1,,参考图逐页复核；保留节点绑定
612,detail:Portrait,detail,Portrait,0,167,132,132,1,1,0,0,,,,0,1,1,0,1,,参考图逐页复核；保留节点绑定
613,detail:Unknown,detail,Unknown,0,0,390,693.68,1,1,0,0,,,,0,1,1,0,1,,参考图逐页复核；保留节点绑定
614,detail:Unknown/Hint,detail,Unknown/Hint,0,-58.160000000000025,292,90,1,1,14,20,Microsoft YaHei,#5c3020,,0,1,1,2,1,,参考图逐页复核；保留节点绑定
615,detail:Unknown/Title,detail,Unknown/Title,0,6.839999999999975,260,42,1,1,23,29,Microsoft YaHei,#5c3020,,0,1,1,2,1,,参考图逐页复核；保留节点绑定
616,detail:Known,detail,Known,0,0,390,693.68,1,1,0,0,,,,0,1,1,0,1,,参考图逐页复核；保留节点绑定
617,detail:Known/Category,detail,Known/Category,0,77,292,30,1,1,14,20,Microsoft YaHei,#5c3020,,0,1,1,2,1,,参考图逐页复核；保留节点绑定
618,detail:Known/Traits,detail,Known/Traits,0,37,292,48,1,1,14,20,Microsoft YaHei,#5c3020,,0,1,1,2,1,,参考图逐页复核；保留节点绑定
619,detail:Known/Rule,detail,Known/Rule,0,-185,282,1,1,1,0,0,,,,0,1,1,0,1,round_0,参考图逐页复核；保留节点绑定
620,detail:Known/Rule/Artwork,detail,Known/Rule/Artwork,0,0,282,1,1,1,0,0,,,,0,1,1,0,1,,参考图逐页复核；保留节点绑定
621,detail:Known/Story,detail,Known/Story,0,-239,292,92,1,1,14,20,Microsoft YaHei,#5c3020,,0,0,1,2,1,,参考图逐页复核；保留节点绑定
622,detail:Known/Stat0,detail,Known/Stat0,-74,-64,132,42,1,1,14,20,Microsoft YaHei,#5c3020,,0,0,1,2,1,,参考图逐页复核；保留节点绑定
623,detail:Known/Stat1,detail,Known/Stat1,74,-64,132,42,1,1,14,20,Microsoft YaHei,#5c3020,,0,0,1,2,1,,参考图逐页复核；保留节点绑定
624,detail:Known/Stat2,detail,Known/Stat2,-74,-112,132,42,1,1,14,20,Microsoft YaHei,#5c3020,,0,0,1,2,1,,参考图逐页复核；保留节点绑定
625,detail:Known/Stat3,detail,Known/Stat3,74,-112,132,42,1,1,14,20,Microsoft YaHei,#5c3020,,0,0,1,2,1,,参考图逐页复核；保留节点绑定
626,detail:Known/Stats,detail,Known/Stats,0,-83.16000000000003,278,50,1,1,13,19,Microsoft YaHei,#5c3020,,0,1,1,2,0,,参考图逐页复核；保留节点绑定
627,detail:Known/Note,detail,Known/Note,0,-157,278,40,1,1,13,19,Microsoft YaHei,#5c3020,,0,0,1,2,0,,参考图逐页复核；保留节点绑定
628,detail:Level1,detail,Level1,-94,-12,88,84,1,1,0,0,,,,0,1,1,0,1,,参考图逐页复核；保留节点绑定
629,detail:Level1/Shadow,detail,Level1/Shadow,0,-4,88,84,1,1,0,0,,,,0,1,1,0,0,window_flat,参考图逐页复核；保留节点绑定
630,detail:Level1/Shadow/Artwork,detail,Level1/Shadow/Artwork,0,0,88,84,1,1,0,0,,,,0,1,1,0,1,,参考图逐页复核；保留节点绑定
631,detail:Level1/Surface,detail,Level1/Surface,0,0,88,84,1,1,0,0,,,,0,1,1,0,1,tab_selected,参考图逐页复核；保留节点绑定
632,detail:Level1/Surface/Artwork,detail,Level1/Surface/Artwork,0,0,88,84,1,1,0,0,,,,0,1,1,0,1,,参考图逐页复核；保留节点绑定
633,detail:Level1/Disabled,detail,Level1/Disabled,0,0,88,84,1,1,0,0,,,,0,1,1,0,0,button_disabled,参考图逐页复核；保留节点绑定
634,detail:Level1/Disabled/Artwork,detail,Level1/Disabled/Artwork,0,0,88,84,1,1,0,0,,,,0,1,1,0,1,,参考图逐页复核；保留节点绑定
635,detail:Level1/Icon,detail,Level1/Icon,0,14,56,56,1,1,0,0,,,,0,1,1,0,1,,参考图逐页复核；保留节点绑定
636,detail:Level1/Text,detail,Level1/Text,0,-29,86,23,1,1,14,32,Microsoft YaHei,#5c3020,,0,1,1,2,1,,参考图逐页复核；保留节点绑定
637,detail:Level2,detail,Level2,0,-12,88,84,1,1,0,0,,,,0,1,1,0,1,,参考图逐页复核；保留节点绑定
638,detail:Level2/Shadow,detail,Level2/Shadow,0,-4,88,84,1,1,0,0,,,,0,1,1,0,0,window_flat,参考图逐页复核；保留节点绑定
639,detail:Level2/Shadow/Artwork,detail,Level2/Shadow/Artwork,0,0,88,84,1,1,0,0,,,,0,1,1,0,1,,参考图逐页复核；保留节点绑定
640,detail:Level2/Surface,detail,Level2/Surface,0,0,88,84,1,1,0,0,,,,0,1,1,0,1,tab_selected,参考图逐页复核；保留节点绑定
641,detail:Level2/Surface/Artwork,detail,Level2/Surface/Artwork,0,0,88,84,1,1,0,0,,,,0,1,1,0,1,,参考图逐页复核；保留节点绑定
642,detail:Level2/Disabled,detail,Level2/Disabled,0,0,88,84,1,1,0,0,,,,0,1,1,0,0,button_disabled,参考图逐页复核；保留节点绑定
643,detail:Level2/Disabled/Artwork,detail,Level2/Disabled/Artwork,0,0,88,84,1,1,0,0,,,,0,1,1,0,1,,参考图逐页复核；保留节点绑定
644,detail:Level2/Icon,detail,Level2/Icon,0,14,56,56,1,1,0,0,,,,0,1,1,0,1,,参考图逐页复核；保留节点绑定
645,detail:Level2/Text,detail,Level2/Text,0,-29,86,23,1,1,14,32,Microsoft YaHei,#5c3020,,0,1,1,2,1,,参考图逐页复核；保留节点绑定
646,detail:Level3,detail,Level3,94,-12,88,84,1,1,0,0,,,,0,1,1,0,1,,参考图逐页复核；保留节点绑定
647,detail:Level3/Shadow,detail,Level3/Shadow,0,-4,88,84,1,1,0,0,,,,0,1,1,0,0,window_flat,参考图逐页复核；保留节点绑定
648,detail:Level3/Shadow/Artwork,detail,Level3/Shadow/Artwork,0,0,88,84,1,1,0,0,,,,0,1,1,0,1,,参考图逐页复核；保留节点绑定
649,detail:Level3/Surface,detail,Level3/Surface,0,0,88,84,1,1,0,0,,,,0,1,1,0,1,tab_selected,参考图逐页复核；保留节点绑定
650,detail:Level3/Surface/Artwork,detail,Level3/Surface/Artwork,0,0,88,84,1,1,0,0,,,,0,1,1,0,1,,参考图逐页复核；保留节点绑定
651,detail:Level3/Disabled,detail,Level3/Disabled,0,0,88,84,1,1,0,0,,,,0,1,1,0,0,button_disabled,参考图逐页复核；保留节点绑定
652,detail:Level3/Disabled/Artwork,detail,Level3/Disabled/Artwork,0,0,88,84,1,1,0,0,,,,0,1,1,0,1,,参考图逐页复核；保留节点绑定
653,detail:Level3/Icon,detail,Level3/Icon,0,14,56,56,1,1,0,0,,,,0,1,1,0,1,,参考图逐页复核；保留节点绑定
654,detail:Level3/Text,detail,Level3/Text,0,-29,86,23,1,1,14,32,Microsoft YaHei,#5c3020,,0,1,1,2,1,,参考图逐页复核；保留节点绑定
655,detail:LayoutSpacing,detail,LayoutSpacing,0,266,20,8,1,1,0,0,,,,0,1,1,0,0,,参考图逐页复核；保留节点绑定
656,detail:Base1,detail,Base1,-42,333.84,76,26,1,1,0,0,,,,0,1,1,0,1,,参考图逐页复核；保留节点绑定
657,detail:Base1/Shadow,detail,Base1/Shadow,0,-4,76,26,1,1,0,0,,,,0,1,1,0,0,window_flat,参考图逐页复核；保留节点绑定
658,detail:Base1/Shadow/Artwork,detail,Base1/Shadow/Artwork,0,0,76,26,1,1,0,0,,,,0,1,1,0,1,,参考图逐页复核；保留节点绑定
659,detail:Base1/Surface,detail,Base1/Surface,0,0,76,26,1,1,0,0,,,,0,1,1,0,1,tab_selected,参考图逐页复核；保留节点绑定
660,detail:Base1/Surface/Artwork,detail,Base1/Surface/Artwork,0,0,76,26,1,1,0,0,,,,0,1,1,0,1,,参考图逐页复核；保留节点绑定
661,detail:Base1/Text,detail,Base1/Text,0,0,74,24,1,1,13,19,Microsoft YaHei,#5c3020,,0,1,1,2,1,,参考图逐页复核；保留节点绑定
662,detail:Base2,detail,Base2,42,333.84,76,26,1,1,0,0,,,,0,1,1,0,1,,参考图逐页复核；保留节点绑定
663,detail:Base2/Shadow,detail,Base2/Shadow,0,-4,76,26,1,1,0,0,,,,0,1,1,0,0,window_flat,参考图逐页复核；保留节点绑定
664,detail:Base2/Shadow/Artwork,detail,Base2/Shadow/Artwork,0,0,76,26,1,1,0,0,,,,0,1,1,0,1,,参考图逐页复核；保留节点绑定
665,detail:Base2/Surface,detail,Base2/Surface,0,0,76,26,1,1,0,0,,,,0,1,1,0,1,tab_selected,参考图逐页复核；保留节点绑定
666,detail:Base2/Surface/Artwork,detail,Base2/Surface/Artwork,0,0,76,26,1,1,0,0,,,,0,1,1,0,1,,参考图逐页复核；保留节点绑定
667,detail:Base2/Text,detail,Base2/Text,0,0,74,24,1,1,13,19,Microsoft YaHei,#5c3020,,0,1,1,2,1,,参考图逐页复核；保留节点绑定
668,detail:Title,detail,Title,0,266,224,38,1,1,23,29,Microsoft YaHei,#5c3020,,0,1,1,2,1,,参考图逐页复核；保留节点绑定
669,detail:Close,detail,Close,137,266,44,44,1,1,0,0,,,,0,1,1,0,1,,参考图逐页复核；保留节点绑定
670,detail:Close/Shadow,detail,Close/Shadow,0,-4,44,44,1,1,0,0,,,,0,1,1,0,0,window_flat,参考图逐页复核；保留节点绑定
671,detail:Close/Shadow/Artwork,detail,Close/Shadow/Artwork,0,0,44,44,1,1,0,0,,,,0,1,1,0,1,,参考图逐页复核；保留节点绑定
672,detail:Close/Surface,detail,Close/Surface,0,0,44,44,1,1,0,0,,,,0,1,1,0,0,button_green,参考图逐页复核；保留节点绑定
673,detail:Close/Surface/Artwork,detail,Close/Surface/Artwork,0,0,44,44,1,1,0,0,,,,0,1,1,0,1,,参考图逐页复核；保留节点绑定
674,detail:Close/Disabled,detail,Close/Disabled,0,0,44,44,1,1,0,0,,,,0,1,1,0,0,button_disabled,参考图逐页复核；保留节点绑定
675,detail:Close/Disabled/Artwork,detail,Close/Disabled/Artwork,0,0,44,44,1,1,0,0,,,,0,1,1,0,1,,参考图逐页复核；保留节点绑定
676,detail:Close/Cross,detail,Close/Cross,0,0,36,36,1,1,0,0,,,,0,1,1,0,1,close_red,参考图逐页复核；保留节点绑定
677,detail:Close/Cross/Artwork,detail,Close/Cross/Artwork,0,0,36,36,1,1,0,0,,,,0,1,1,0,1,,参考图逐页复核；保留节点绑定
678,detail:Close/Text,detail,Close/Text,0,0,36,40,1,1,26,32,Microsoft YaHei,#5c3020,,0,1,1,2,0,,参考图逐页复核；保留节点绑定
679,enemy_preview_card:root,enemy_preview_card,@,0,0,64,65,1,1,0,0,,,,0,1,1,0,1,,参考图逐页复核；保留节点绑定
680,enemy_preview_card:Icon,enemy_preview_card,Icon,-10,12.5,38,38,1,1,0,0,,,,0,1,1,0,1,,参考图逐页复核；保留节点绑定
681,enemy_preview_card:Boss,enemy_preview_card,Boss,0,-30.5,64,18,1,1,10,16,Microsoft YaHei,#5c3020,,0,1,1,2,1,,参考图逐页复核；保留节点绑定
682,enemy_preview_card:Count,enemy_preview_card,Count,19,8.5,28,22,1,1,12,18,Microsoft YaHei,#5c3020,,0,1,1,2,1,,参考图逐页复核；保留节点绑定
683,enemy_preview_card:Name,enemy_preview_card,Name,0,-15.5,64,20,1,1,10,16,Microsoft YaHei,#5c3020,,0,1,1,2,1,,参考图逐页复核；保留节点绑定
684,evolution_card:root,evolution_card,@,0,0,146,160,1,1,0,0,,,,0,1,1,0,1,,参考图逐页复核；保留节点绑定
685,evolution_card:Panel,evolution_card,Panel,0,0,146,160,1,1,0,0,,,,0,1,1,0,1,,参考图逐页复核；保留节点绑定
686,evolution_card:Panel/Shadow,evolution_card,Panel/Shadow,0,-4,146,160,1,1,0,0,,,,0,1,1,0,0,window_flat,参考图逐页复核；保留节点绑定
687,evolution_card:Panel/Shadow/Artwork,evolution_card,Panel/Shadow/Artwork,0,0,146,160,1,1,0,0,,,,0,1,1,0,1,,参考图逐页复核；保留节点绑定
688,evolution_card:Panel/Surface,evolution_card,Panel/Surface,0,0,146,160,1,1,0,0,,,,0,1,1,0,1,window_flat,参考图逐页复核；保留节点绑定
689,evolution_card:Panel/Surface/Artwork,evolution_card,Panel/Surface/Artwork,0,0,146,160,1,1,0,0,,,,0,1,1,0,1,,参考图逐页复核；保留节点绑定
690,evolution_card:Disabled,evolution_card,Disabled,0,0,146,160,1,1,0,0,,,,0,1,1,0,0,,参考图逐页复核；保留节点绑定
691,evolution_card:Disabled/Surface,evolution_card,Disabled/Surface,0,0,146,160,1,1,0,0,,,,0,1,1,0,1,,参考图逐页复核；保留节点绑定
692,evolution_card:Disabled/Surface/Shadow,evolution_card,Disabled/Surface/Shadow,0,-3,64,64,1,1,0,0,,,,0,1,1,0,0,window_flat,参考图逐页复核；保留节点绑定
693,evolution_card:Disabled/Surface/Shadow/Artwork,evolution_card,Disabled/Surface/Shadow/Artwork,0,0,64,64,1,1,0,0,,,,0,1,1,0,1,,参考图逐页复核；保留节点绑定
694,evolution_card:Disabled/Surface/Surface,evolution_card,Disabled/Surface/Surface,0,0,64,64,1,1,0,0,,,,0,1,1,0,1,window_flat,参考图逐页复核；保留节点绑定
695,evolution_card:Disabled/Surface/Surface/Artwork,evolution_card,Disabled/Surface/Surface/Artwork,0,0,64,64,1,1,0,0,,,,0,1,1,0,1,,参考图逐页复核；保留节点绑定
696,evolution_card:Disabled/Surface/Outline,evolution_card,Disabled/Surface/Outline,0,0,64,64,1,1,0,0,,,,0,1,1,0,0,outline_16_1p8,参考图逐页复核；保留节点绑定
697,evolution_card:Disabled/Surface/Outline/Artwork,evolution_card,Disabled/Surface/Outline/Artwork,0,0,68,68,1,1,0,0,,,,0,1,1,0,1,,参考图逐页复核；保留节点绑定
698,evolution_card:Disabled/Surface/Highlight,evolution_card,Disabled/Surface/Highlight,0,28,32,2,1,1,0,0,,,,0,1,1,0,0,shape_34531faf13,参考图逐页复核；保留节点绑定
699,evolution_card:Disabled/Surface/Highlight/Artwork,evolution_card,Disabled/Surface/Highlight/Artwork,0,0,38,8,1,1,0,0,,,,0,1,1,0,1,,参考图逐页复核；保留节点绑定
700,evolution_card:Disabled/PortraitBackground,evolution_card,Disabled/PortraitBackground,0,0,146,160,1,1,0,0,,,,0,1,1,0,1,disc,参考图逐页复核；保留节点绑定
701,evolution_card:Disabled/PortraitBackground/Artwork,evolution_card,Disabled/PortraitBackground/Artwork,0,0,146,160,1,1,0,0,,,,0,1,1,0,1,,参考图逐页复核；保留节点绑定
702,evolution_card:Icon,evolution_card,Icon,0,39,76,76,1,1,0,0,,,,0,1,1,0,1,,参考图逐页复核；保留节点绑定
703,evolution_card:Tradeoff,evolution_card,Tradeoff,0,-48,138,20,1,1,12,18,Microsoft YaHei,#5c3020,,0,1,1,2,1,,参考图逐页复核；保留节点绑定
704,evolution_card:Cost,evolution_card,Cost,0,-69,138,20,1,1,14,20,Microsoft YaHei,#5c3020,,0,1,1,2,1,,参考图逐页复核；保留节点绑定
705,evolution_card:Title,evolution_card,Title,0,-4,138,22,1,1,15,21,Microsoft YaHei,#5c3020,,0,1,1,2,1,,参考图逐页复核；保留节点绑定
706,evolution_card:Summary,evolution_card,Summary,0,-27,138,20,1,1,12,18,Microsoft YaHei,#5c3020,,0,1,1,2,1,,参考图逐页复核；保留节点绑定
707,floating_label:root,floating_label,@,0,0,150,30,1,1,0,0,,,,0,1,1,0,1,,参考图逐页复核；保留节点绑定
708,floating_label:Text,floating_label,Text,0,0,150,30,1,1,13,17,Microsoft YaHei,#5c3020,,0,1,1,2,1,,参考图逐页复核；保留节点绑定
709,gm:root,gm,@,0,0,390,693.68,1,1,0,0,,,,0,1,1,0,1,,参考图逐页复核；保留节点绑定
710,gm:Dim,gm,Dim,0,0,390,693.68,1,1,0,0,,,,0,1,1,0,1,round_0,参考图逐页复核；保留节点绑定
711,gm:Dim/Artwork,gm,Dim/Artwork,0,0,390,693.68,1,1,0,0,,,,0,1,1,0,1,,参考图逐页复核；保留节点绑定
712,gm:Panel,gm,Panel,0,9.339999999999975,340,565,1,1,0,0,,,,0,1,1,0,1,,参考图逐页复核；保留节点绑定
713,gm:Panel/Surface,gm,Panel/Surface,0,0,340,565,1,1,0,0,,,,0,1,1,0,1,window_flat,参考图逐页复核；保留节点绑定
714,gm:Panel/Surface/Artwork,gm,Panel/Surface/Artwork,0,0,340,565,1,1,0,0,,,,0,1,1,0,1,,参考图逐页复核；保留节点绑定
715,gm:gm-title,gm,gm-title,-17,259.84,220,34,1,1,21,25,Microsoft YaHei,#5c3020,,0,1,1,2,1,,参考图逐页复核；保留节点绑定
716,gm:gm-note,gm,gm-note,0,226.83999999999997,280,24,1,1,13,17,Microsoft YaHei,#5c3020,,0,1,1,2,1,,参考图逐页复核；保留节点绑定
717,gm:gm-current,gm,gm-current,0,198.83999999999997,250,26,1,1,13,17,Microsoft YaHei,#5c3020,,0,1,1,2,1,,参考图逐页复核；保留节点绑定
718,gm:Level1,gm,Level1,-118,150.83999999999997,68,46,1,1,0,0,,,,0,1,1,0,1,,参考图逐页复核；保留节点绑定
719,gm:Level1/Surface,gm,Level1/Surface,0,0,68,46,1,1,0,0,,,,0,1,1,0,1,tab_selected,参考图逐页复核；保留节点绑定
720,gm:Level1/Surface/Artwork,gm,Level1/Surface/Artwork,0,0,68,46,1,1,0,0,,,,0,1,1,0,1,,参考图逐页复核；保留节点绑定
721,gm:Level1/Disabled,gm,Level1/Disabled,0,0,68,46,1,1,0,0,,,,0,1,1,0,0,button_disabled,参考图逐页复核；保留节点绑定
722,gm:Level1/Disabled/Artwork,gm,Level1/Disabled/Artwork,0,0,68,46,1,1,0,0,,,,0,1,1,0,1,,参考图逐页复核；保留节点绑定
723,gm:Level1/Selected,gm,Level1/Selected,0,0,68,46,1,1,0,0,,,,0,1,1,0,0,window_flat,参考图逐页复核；保留节点绑定
724,gm:Level1/Selected/Artwork,gm,Level1/Selected/Artwork,0,0,68,46,1,1,0,0,,,,0,1,1,0,1,,参考图逐页复核；保留节点绑定
725,gm:Level1/Text,gm,Level1/Text,0,0,68,46,1,1,13,17,Microsoft YaHei,#5c3020,,0,1,1,2,1,,参考图逐页复核；保留节点绑定
726,gm:Level2,gm,Level2,-39,150.83999999999997,68,46,1,1,0,0,,,,0,1,1,0,1,,参考图逐页复核；保留节点绑定
727,gm:Level2/Surface,gm,Level2/Surface,0,0,68,46,1,1,0,0,,,,0,1,1,0,1,tab_selected,参考图逐页复核；保留节点绑定
728,gm:Level2/Surface/Artwork,gm,Level2/Surface/Artwork,0,0,68,46,1,1,0,0,,,,0,1,1,0,1,,参考图逐页复核；保留节点绑定
729,gm:Level2/Disabled,gm,Level2/Disabled,0,0,68,46,1,1,0,0,,,,0,1,1,0,0,button_disabled,参考图逐页复核；保留节点绑定
730,gm:Level2/Disabled/Artwork,gm,Level2/Disabled/Artwork,0,0,68,46,1,1,0,0,,,,0,1,1,0,1,,参考图逐页复核；保留节点绑定
731,gm:Level2/Selected,gm,Level2/Selected,0,0,68,46,1,1,0,0,,,,0,1,1,0,0,window_flat,参考图逐页复核；保留节点绑定
732,gm:Level2/Selected/Artwork,gm,Level2/Selected/Artwork,0,0,68,46,1,1,0,0,,,,0,1,1,0,1,,参考图逐页复核；保留节点绑定
733,gm:Level2/Text,gm,Level2/Text,0,0,68,46,1,1,13,17,Microsoft YaHei,#5c3020,,0,1,1,2,1,,参考图逐页复核；保留节点绑定
734,gm:Level3,gm,Level3,40,150.83999999999997,68,46,1,1,0,0,,,,0,1,1,0,1,,参考图逐页复核；保留节点绑定
735,gm:Level3/Surface,gm,Level3/Surface,0,0,68,46,1,1,0,0,,,,0,1,1,0,1,tab_selected,参考图逐页复核；保留节点绑定
736,gm:Level3/Surface/Artwork,gm,Level3/Surface/Artwork,0,0,68,46,1,1,0,0,,,,0,1,1,0,1,,参考图逐页复核；保留节点绑定
737,gm:Level3/Disabled,gm,Level3/Disabled,0,0,68,46,1,1,0,0,,,,0,1,1,0,0,button_disabled,参考图逐页复核；保留节点绑定
738,gm:Level3/Disabled/Artwork,gm,Level3/Disabled/Artwork,0,0,68,46,1,1,0,0,,,,0,1,1,0,1,,参考图逐页复核；保留节点绑定
739,gm:Level3/Selected,gm,Level3/Selected,0,0,68,46,1,1,0,0,,,,0,1,1,0,0,window_flat,参考图逐页复核；保留节点绑定
740,gm:Level3/Selected/Artwork,gm,Level3/Selected/Artwork,0,0,68,46,1,1,0,0,,,,0,1,1,0,1,,参考图逐页复核；保留节点绑定
741,gm:Level3/Text,gm,Level3/Text,0,0,68,46,1,1,13,17,Microsoft YaHei,#5c3020,,0,1,1,2,1,,参考图逐页复核；保留节点绑定
742,gm:Level4,gm,Level4,119,150.83999999999997,68,46,1,1,0,0,,,,0,1,1,0,1,,参考图逐页复核；保留节点绑定
743,gm:Level4/Surface,gm,Level4/Surface,0,0,68,46,1,1,0,0,,,,0,1,1,0,1,tab_selected,参考图逐页复核；保留节点绑定
744,gm:Level4/Surface/Artwork,gm,Level4/Surface/Artwork,0,0,68,46,1,1,0,0,,,,0,1,1,0,1,,参考图逐页复核；保留节点绑定
745,gm:Level4/Disabled,gm,Level4/Disabled,0,0,68,46,1,1,0,0,,,,0,1,1,0,0,button_disabled,参考图逐页复核；保留节点绑定
746,gm:Level4/Disabled/Artwork,gm,Level4/Disabled/Artwork,0,0,68,46,1,1,0,0,,,,0,1,1,0,1,,参考图逐页复核；保留节点绑定
747,gm:Level4/Selected,gm,Level4/Selected,0,0,68,46,1,1,0,0,,,,0,1,1,0,0,window_flat,参考图逐页复核；保留节点绑定
748,gm:Level4/Selected/Artwork,gm,Level4/Selected/Artwork,0,0,68,46,1,1,0,0,,,,0,1,1,0,1,,参考图逐页复核；保留节点绑定
749,gm:Level4/Text,gm,Level4/Text,0,0,68,46,1,1,13,17,Microsoft YaHei,#5c3020,,0,1,1,2,1,,参考图逐页复核；保留节点绑定
750,gm:Level5,gm,Level5,-118,98.83999999999997,68,46,1,1,0,0,,,,0,1,1,0,1,,参考图逐页复核；保留节点绑定
751,gm:Level5/Surface,gm,Level5/Surface,0,0,68,46,1,1,0,0,,,,0,1,1,0,1,tab_selected,参考图逐页复核；保留节点绑定
752,gm:Level5/Surface/Artwork,gm,Level5/Surface/Artwork,0,0,68,46,1,1,0,0,,,,0,1,1,0,1,,参考图逐页复核；保留节点绑定
753,gm:Level5/Disabled,gm,Level5/Disabled,0,0,68,46,1,1,0,0,,,,0,1,1,0,0,button_disabled,参考图逐页复核；保留节点绑定
754,gm:Level5/Disabled/Artwork,gm,Level5/Disabled/Artwork,0,0,68,46,1,1,0,0,,,,0,1,1,0,1,,参考图逐页复核；保留节点绑定
755,gm:Level5/Selected,gm,Level5/Selected,0,0,68,46,1,1,0,0,,,,0,1,1,0,0,window_flat,参考图逐页复核；保留节点绑定
756,gm:Level5/Selected/Artwork,gm,Level5/Selected/Artwork,0,0,68,46,1,1,0,0,,,,0,1,1,0,1,,参考图逐页复核；保留节点绑定
757,gm:Level5/Text,gm,Level5/Text,0,0,68,46,1,1,13,17,Microsoft YaHei,#5c3020,,0,1,1,2,1,,参考图逐页复核；保留节点绑定
758,gm:Level6,gm,Level6,-39,98.83999999999997,68,46,1,1,0,0,,,,0,1,1,0,1,,参考图逐页复核；保留节点绑定
759,gm:Level6/Surface,gm,Level6/Surface,0,0,68,46,1,1,0,0,,,,0,1,1,0,1,tab_selected,参考图逐页复核；保留节点绑定
760,gm:Level6/Surface/Artwork,gm,Level6/Surface/Artwork,0,0,68,46,1,1,0,0,,,,0,1,1,0,1,,参考图逐页复核；保留节点绑定
761,gm:Level6/Disabled,gm,Level6/Disabled,0,0,68,46,1,1,0,0,,,,0,1,1,0,0,button_disabled,参考图逐页复核；保留节点绑定
762,gm:Level6/Disabled/Artwork,gm,Level6/Disabled/Artwork,0,0,68,46,1,1,0,0,,,,0,1,1,0,1,,参考图逐页复核；保留节点绑定
763,gm:Level6/Selected,gm,Level6/Selected,0,0,68,46,1,1,0,0,,,,0,1,1,0,0,window_flat,参考图逐页复核；保留节点绑定
764,gm:Level6/Selected/Artwork,gm,Level6/Selected/Artwork,0,0,68,46,1,1,0,0,,,,0,1,1,0,1,,参考图逐页复核；保留节点绑定
765,gm:Level6/Text,gm,Level6/Text,0,0,68,46,1,1,13,17,Microsoft YaHei,#5c3020,,0,1,1,2,1,,参考图逐页复核；保留节点绑定
766,gm:Level7,gm,Level7,40,98.83999999999997,68,46,1,1,0,0,,,,0,1,1,0,1,,参考图逐页复核；保留节点绑定
767,gm:Level7/Surface,gm,Level7/Surface,0,0,68,46,1,1,0,0,,,,0,1,1,0,1,tab_selected,参考图逐页复核；保留节点绑定
768,gm:Level7/Surface/Artwork,gm,Level7/Surface/Artwork,0,0,68,46,1,1,0,0,,,,0,1,1,0,1,,参考图逐页复核；保留节点绑定
769,gm:Level7/Disabled,gm,Level7/Disabled,0,0,68,46,1,1,0,0,,,,0,1,1,0,0,button_disabled,参考图逐页复核；保留节点绑定
770,gm:Level7/Disabled/Artwork,gm,Level7/Disabled/Artwork,0,0,68,46,1,1,0,0,,,,0,1,1,0,1,,参考图逐页复核；保留节点绑定
771,gm:Level7/Selected,gm,Level7/Selected,0,0,68,46,1,1,0,0,,,,0,1,1,0,0,window_flat,参考图逐页复核；保留节点绑定
772,gm:Level7/Selected/Artwork,gm,Level7/Selected/Artwork,0,0,68,46,1,1,0,0,,,,0,1,1,0,1,,参考图逐页复核；保留节点绑定
773,gm:Level7/Text,gm,Level7/Text,0,0,68,46,1,1,13,17,Microsoft YaHei,#5c3020,,0,1,1,2,1,,参考图逐页复核；保留节点绑定
774,gm:Level8,gm,Level8,119,98.83999999999997,68,46,1,1,0,0,,,,0,1,1,0,1,,参考图逐页复核；保留节点绑定
775,gm:Level8/Surface,gm,Level8/Surface,0,0,68,46,1,1,0,0,,,,0,1,1,0,1,tab_selected,参考图逐页复核；保留节点绑定
776,gm:Level8/Surface/Artwork,gm,Level8/Surface/Artwork,0,0,68,46,1,1,0,0,,,,0,1,1,0,1,,参考图逐页复核；保留节点绑定
777,gm:Level8/Disabled,gm,Level8/Disabled,0,0,68,46,1,1,0,0,,,,0,1,1,0,0,button_disabled,参考图逐页复核；保留节点绑定
778,gm:Level8/Disabled/Artwork,gm,Level8/Disabled/Artwork,0,0,68,46,1,1,0,0,,,,0,1,1,0,1,,参考图逐页复核；保留节点绑定
779,gm:Level8/Selected,gm,Level8/Selected,0,0,68,46,1,1,0,0,,,,0,1,1,0,0,window_flat,参考图逐页复核；保留节点绑定
780,gm:Level8/Selected/Artwork,gm,Level8/Selected/Artwork,0,0,68,46,1,1,0,0,,,,0,1,1,0,1,,参考图逐页复核；保留节点绑定
781,gm:Level8/Text,gm,Level8/Text,0,0,68,46,1,1,13,17,Microsoft YaHei,#5c3020,,0,1,1,2,1,,参考图逐页复核；保留节点绑定
782,gm:Level9,gm,Level9,-118,46.839999999999975,68,46,1,1,0,0,,,,0,1,1,0,1,,参考图逐页复核；保留节点绑定
783,gm:Level9/Surface,gm,Level9/Surface,0,0,68,46,1,1,0,0,,,,0,1,1,0,1,tab_selected,参考图逐页复核；保留节点绑定
784,gm:Level9/Surface/Artwork,gm,Level9/Surface/Artwork,0,0,68,46,1,1,0,0,,,,0,1,1,0,1,,参考图逐页复核；保留节点绑定
785,gm:Level9/Disabled,gm,Level9/Disabled,0,0,68,46,1,1,0,0,,,,0,1,1,0,0,button_disabled,参考图逐页复核；保留节点绑定
786,gm:Level9/Disabled/Artwork,gm,Level9/Disabled/Artwork,0,0,68,46,1,1,0,0,,,,0,1,1,0,1,,参考图逐页复核；保留节点绑定
787,gm:Level9/Selected,gm,Level9/Selected,0,0,68,46,1,1,0,0,,,,0,1,1,0,0,window_flat,参考图逐页复核；保留节点绑定
788,gm:Level9/Selected/Artwork,gm,Level9/Selected/Artwork,0,0,68,46,1,1,0,0,,,,0,1,1,0,1,,参考图逐页复核；保留节点绑定
789,gm:Level9/Text,gm,Level9/Text,0,0,68,46,1,1,13,17,Microsoft YaHei,#5c3020,,0,1,1,2,1,,参考图逐页复核；保留节点绑定
790,gm:Level10,gm,Level10,-39,46.839999999999975,68,46,1,1,0,0,,,,0,1,1,0,1,,参考图逐页复核；保留节点绑定
791,gm:Level10/Surface,gm,Level10/Surface,0,0,68,46,1,1,0,0,,,,0,1,1,0,1,tab_selected,参考图逐页复核；保留节点绑定
792,gm:Level10/Surface/Artwork,gm,Level10/Surface/Artwork,0,0,68,46,1,1,0,0,,,,0,1,1,0,1,,参考图逐页复核；保留节点绑定
793,gm:Level10/Disabled,gm,Level10/Disabled,0,0,68,46,1,1,0,0,,,,0,1,1,0,0,button_disabled,参考图逐页复核；保留节点绑定
794,gm:Level10/Disabled/Artwork,gm,Level10/Disabled/Artwork,0,0,68,46,1,1,0,0,,,,0,1,1,0,1,,参考图逐页复核；保留节点绑定
795,gm:Level10/Selected,gm,Level10/Selected,0,0,68,46,1,1,0,0,,,,0,1,1,0,0,window_flat,参考图逐页复核；保留节点绑定
796,gm:Level10/Selected/Artwork,gm,Level10/Selected/Artwork,0,0,68,46,1,1,0,0,,,,0,1,1,0,1,,参考图逐页复核；保留节点绑定
797,gm:Level10/Text,gm,Level10/Text,0,0,68,46,1,1,13,17,Microsoft YaHei,#5c3020,,0,1,1,2,1,,参考图逐页复核；保留节点绑定
798,gm:Level11,gm,Level11,40,46.839999999999975,68,46,1,1,0,0,,,,0,1,1,0,1,,参考图逐页复核；保留节点绑定
799,gm:Level11/Surface,gm,Level11/Surface,0,0,68,46,1,1,0,0,,,,0,1,1,0,1,tab_selected,参考图逐页复核；保留节点绑定
800,gm:Level11/Surface/Artwork,gm,Level11/Surface/Artwork,0,0,68,46,1,1,0,0,,,,0,1,1,0,1,,参考图逐页复核；保留节点绑定
801,gm:Level11/Disabled,gm,Level11/Disabled,0,0,68,46,1,1,0,0,,,,0,1,1,0,0,button_disabled,参考图逐页复核；保留节点绑定
802,gm:Level11/Disabled/Artwork,gm,Level11/Disabled/Artwork,0,0,68,46,1,1,0,0,,,,0,1,1,0,1,,参考图逐页复核；保留节点绑定
803,gm:Level11/Selected,gm,Level11/Selected,0,0,68,46,1,1,0,0,,,,0,1,1,0,0,window_flat,参考图逐页复核；保留节点绑定
804,gm:Level11/Selected/Artwork,gm,Level11/Selected/Artwork,0,0,68,46,1,1,0,0,,,,0,1,1,0,1,,参考图逐页复核；保留节点绑定
805,gm:Level11/Text,gm,Level11/Text,0,0,68,46,1,1,13,17,Microsoft YaHei,#5c3020,,0,1,1,2,1,,参考图逐页复核；保留节点绑定
806,gm:Level12,gm,Level12,119,46.839999999999975,68,46,1,1,0,0,,,,0,1,1,0,1,,参考图逐页复核；保留节点绑定
807,gm:Level12/Surface,gm,Level12/Surface,0,0,68,46,1,1,0,0,,,,0,1,1,0,1,tab_selected,参考图逐页复核；保留节点绑定
808,gm:Level12/Surface/Artwork,gm,Level12/Surface/Artwork,0,0,68,46,1,1,0,0,,,,0,1,1,0,1,,参考图逐页复核；保留节点绑定
809,gm:Level12/Disabled,gm,Level12/Disabled,0,0,68,46,1,1,0,0,,,,0,1,1,0,0,button_disabled,参考图逐页复核；保留节点绑定
810,gm:Level12/Disabled/Artwork,gm,Level12/Disabled/Artwork,0,0,68,46,1,1,0,0,,,,0,1,1,0,1,,参考图逐页复核；保留节点绑定
811,gm:Level12/Selected,gm,Level12/Selected,0,0,68,46,1,1,0,0,,,,0,1,1,0,0,window_flat,参考图逐页复核；保留节点绑定
812,gm:Level12/Selected/Artwork,gm,Level12/Selected/Artwork,0,0,68,46,1,1,0,0,,,,0,1,1,0,1,,参考图逐页复核；保留节点绑定
813,gm:Level12/Text,gm,Level12/Text,0,0,68,46,1,1,13,17,Microsoft YaHei,#5c3020,,0,1,1,2,1,,参考图逐页复核；保留节点绑定
814,gm:Level13,gm,Level13,-118,-5.160000000000025,68,46,1,1,0,0,,,,0,1,1,0,1,,参考图逐页复核；保留节点绑定
815,gm:Level13/Surface,gm,Level13/Surface,0,0,68,46,1,1,0,0,,,,0,1,1,0,1,tab_selected,参考图逐页复核；保留节点绑定
816,gm:Level13/Surface/Artwork,gm,Level13/Surface/Artwork,0,0,68,46,1,1,0,0,,,,0,1,1,0,1,,参考图逐页复核；保留节点绑定
817,gm:Level13/Disabled,gm,Level13/Disabled,0,0,68,46,1,1,0,0,,,,0,1,1,0,0,button_disabled,参考图逐页复核；保留节点绑定
818,gm:Level13/Disabled/Artwork,gm,Level13/Disabled/Artwork,0,0,68,46,1,1,0,0,,,,0,1,1,0,1,,参考图逐页复核；保留节点绑定
819,gm:Level13/Selected,gm,Level13/Selected,0,0,68,46,1,1,0,0,,,,0,1,1,0,0,window_flat,参考图逐页复核；保留节点绑定
820,gm:Level13/Selected/Artwork,gm,Level13/Selected/Artwork,0,0,68,46,1,1,0,0,,,,0,1,1,0,1,,参考图逐页复核；保留节点绑定
821,gm:Level13/Text,gm,Level13/Text,0,0,68,46,1,1,13,17,Microsoft YaHei,#5c3020,,0,1,1,2,1,,参考图逐页复核；保留节点绑定
822,gm:Level14,gm,Level14,-39,-5.160000000000025,68,46,1,1,0,0,,,,0,1,1,0,1,,参考图逐页复核；保留节点绑定
823,gm:Level14/Surface,gm,Level14/Surface,0,0,68,46,1,1,0,0,,,,0,1,1,0,1,tab_selected,参考图逐页复核；保留节点绑定
824,gm:Level14/Surface/Artwork,gm,Level14/Surface/Artwork,0,0,68,46,1,1,0,0,,,,0,1,1,0,1,,参考图逐页复核；保留节点绑定
825,gm:Level14/Disabled,gm,Level14/Disabled,0,0,68,46,1,1,0,0,,,,0,1,1,0,0,button_disabled,参考图逐页复核；保留节点绑定
826,gm:Level14/Disabled/Artwork,gm,Level14/Disabled/Artwork,0,0,68,46,1,1,0,0,,,,0,1,1,0,1,,参考图逐页复核；保留节点绑定
827,gm:Level14/Selected,gm,Level14/Selected,0,0,68,46,1,1,0,0,,,,0,1,1,0,0,window_flat,参考图逐页复核；保留节点绑定
828,gm:Level14/Selected/Artwork,gm,Level14/Selected/Artwork,0,0,68,46,1,1,0,0,,,,0,1,1,0,1,,参考图逐页复核；保留节点绑定
829,gm:Level14/Text,gm,Level14/Text,0,0,68,46,1,1,13,17,Microsoft YaHei,#5c3020,,0,1,1,2,1,,参考图逐页复核；保留节点绑定
830,gm:Level15,gm,Level15,40,-5.160000000000025,68,46,1,1,0,0,,,,0,1,1,0,1,,参考图逐页复核；保留节点绑定
831,gm:Level15/Surface,gm,Level15/Surface,0,0,68,46,1,1,0,0,,,,0,1,1,0,1,tab_selected,参考图逐页复核；保留节点绑定
832,gm:Level15/Surface/Artwork,gm,Level15/Surface/Artwork,0,0,68,46,1,1,0,0,,,,0,1,1,0,1,,参考图逐页复核；保留节点绑定
833,gm:Level15/Disabled,gm,Level15/Disabled,0,0,68,46,1,1,0,0,,,,0,1,1,0,0,button_disabled,参考图逐页复核；保留节点绑定
834,gm:Level15/Disabled/Artwork,gm,Level15/Disabled/Artwork,0,0,68,46,1,1,0,0,,,,0,1,1,0,1,,参考图逐页复核；保留节点绑定
835,gm:Level15/Selected,gm,Level15/Selected,0,0,68,46,1,1,0,0,,,,0,1,1,0,0,window_flat,参考图逐页复核；保留节点绑定
836,gm:Level15/Selected/Artwork,gm,Level15/Selected/Artwork,0,0,68,46,1,1,0,0,,,,0,1,1,0,1,,参考图逐页复核；保留节点绑定
837,gm:Level15/Text,gm,Level15/Text,0,0,68,46,1,1,13,17,Microsoft YaHei,#5c3020,,0,1,1,2,1,,参考图逐页复核；保留节点绑定
838,gm:Level16,gm,Level16,119,-5.160000000000025,68,46,1,1,0,0,,,,0,1,1,0,1,,参考图逐页复核；保留节点绑定
839,gm:Level16/Surface,gm,Level16/Surface,0,0,68,46,1,1,0,0,,,,0,1,1,0,1,tab_selected,参考图逐页复核；保留节点绑定
840,gm:Level16/Surface/Artwork,gm,Level16/Surface/Artwork,0,0,68,46,1,1,0,0,,,,0,1,1,0,1,,参考图逐页复核；保留节点绑定
841,gm:Level16/Disabled,gm,Level16/Disabled,0,0,68,46,1,1,0,0,,,,0,1,1,0,0,button_disabled,参考图逐页复核；保留节点绑定
842,gm:Level16/Disabled/Artwork,gm,Level16/Disabled/Artwork,0,0,68,46,1,1,0,0,,,,0,1,1,0,1,,参考图逐页复核；保留节点绑定
843,gm:Level16/Selected,gm,Level16/Selected,0,0,68,46,1,1,0,0,,,,0,1,1,0,0,window_flat,参考图逐页复核；保留节点绑定
844,gm:Level16/Selected/Artwork,gm,Level16/Selected/Artwork,0,0,68,46,1,1,0,0,,,,0,1,1,0,1,,参考图逐页复核；保留节点绑定
845,gm:Level16/Text,gm,Level16/Text,0,0,68,46,1,1,13,17,Microsoft YaHei,#5c3020,,0,1,1,2,1,,参考图逐页复核；保留节点绑定
846,gm:Level17,gm,Level17,-118,-57.160000000000025,68,46,1,1,0,0,,,,0,1,1,0,1,,参考图逐页复核；保留节点绑定
847,gm:Level17/Surface,gm,Level17/Surface,0,0,68,46,1,1,0,0,,,,0,1,1,0,1,tab_selected,参考图逐页复核；保留节点绑定
848,gm:Level17/Surface/Artwork,gm,Level17/Surface/Artwork,0,0,68,46,1,1,0,0,,,,0,1,1,0,1,,参考图逐页复核；保留节点绑定
849,gm:Level17/Disabled,gm,Level17/Disabled,0,0,68,46,1,1,0,0,,,,0,1,1,0,0,button_disabled,参考图逐页复核；保留节点绑定
850,gm:Level17/Disabled/Artwork,gm,Level17/Disabled/Artwork,0,0,68,46,1,1,0,0,,,,0,1,1,0,1,,参考图逐页复核；保留节点绑定
851,gm:Level17/Selected,gm,Level17/Selected,0,0,68,46,1,1,0,0,,,,0,1,1,0,0,window_flat,参考图逐页复核；保留节点绑定
852,gm:Level17/Selected/Artwork,gm,Level17/Selected/Artwork,0,0,68,46,1,1,0,0,,,,0,1,1,0,1,,参考图逐页复核；保留节点绑定
853,gm:Level17/Text,gm,Level17/Text,0,0,68,46,1,1,13,17,Microsoft YaHei,#5c3020,,0,1,1,2,1,,参考图逐页复核；保留节点绑定
854,gm:Level18,gm,Level18,-39,-57.160000000000025,68,46,1,1,0,0,,,,0,1,1,0,1,,参考图逐页复核；保留节点绑定
855,gm:Level18/Surface,gm,Level18/Surface,0,0,68,46,1,1,0,0,,,,0,1,1,0,1,tab_selected,参考图逐页复核；保留节点绑定
856,gm:Level18/Surface/Artwork,gm,Level18/Surface/Artwork,0,0,68,46,1,1,0,0,,,,0,1,1,0,1,,参考图逐页复核；保留节点绑定
857,gm:Level18/Disabled,gm,Level18/Disabled,0,0,68,46,1,1,0,0,,,,0,1,1,0,0,button_disabled,参考图逐页复核；保留节点绑定
858,gm:Level18/Disabled/Artwork,gm,Level18/Disabled/Artwork,0,0,68,46,1,1,0,0,,,,0,1,1,0,1,,参考图逐页复核；保留节点绑定
859,gm:Level18/Selected,gm,Level18/Selected,0,0,68,46,1,1,0,0,,,,0,1,1,0,0,window_flat,参考图逐页复核；保留节点绑定
860,gm:Level18/Selected/Artwork,gm,Level18/Selected/Artwork,0,0,68,46,1,1,0,0,,,,0,1,1,0,1,,参考图逐页复核；保留节点绑定
861,gm:Level18/Text,gm,Level18/Text,0,0,68,46,1,1,13,17,Microsoft YaHei,#5c3020,,0,1,1,2,1,,参考图逐页复核；保留节点绑定
862,gm:Level19,gm,Level19,40,-57.160000000000025,68,46,1,1,0,0,,,,0,1,1,0,1,,参考图逐页复核；保留节点绑定
863,gm:Level19/Surface,gm,Level19/Surface,0,0,68,46,1,1,0,0,,,,0,1,1,0,1,tab_selected,参考图逐页复核；保留节点绑定
864,gm:Level19/Surface/Artwork,gm,Level19/Surface/Artwork,0,0,68,46,1,1,0,0,,,,0,1,1,0,1,,参考图逐页复核；保留节点绑定
865,gm:Level19/Disabled,gm,Level19/Disabled,0,0,68,46,1,1,0,0,,,,0,1,1,0,0,button_disabled,参考图逐页复核；保留节点绑定
866,gm:Level19/Disabled/Artwork,gm,Level19/Disabled/Artwork,0,0,68,46,1,1,0,0,,,,0,1,1,0,1,,参考图逐页复核；保留节点绑定
867,gm:Level19/Selected,gm,Level19/Selected,0,0,68,46,1,1,0,0,,,,0,1,1,0,0,window_flat,参考图逐页复核；保留节点绑定
868,gm:Level19/Selected/Artwork,gm,Level19/Selected/Artwork,0,0,68,46,1,1,0,0,,,,0,1,1,0,1,,参考图逐页复核；保留节点绑定
869,gm:Level19/Text,gm,Level19/Text,0,0,68,46,1,1,13,17,Microsoft YaHei,#5c3020,,0,1,1,2,1,,参考图逐页复核；保留节点绑定
870,gm:Level20,gm,Level20,119,-57.160000000000025,68,46,1,1,0,0,,,,0,1,1,0,1,,参考图逐页复核；保留节点绑定
871,gm:Level20/Surface,gm,Level20/Surface,0,0,68,46,1,1,0,0,,,,0,1,1,0,1,tab_selected,参考图逐页复核；保留节点绑定
872,gm:Level20/Surface/Artwork,gm,Level20/Surface/Artwork,0,0,68,46,1,1,0,0,,,,0,1,1,0,1,,参考图逐页复核；保留节点绑定
873,gm:Level20/Disabled,gm,Level20/Disabled,0,0,68,46,1,1,0,0,,,,0,1,1,0,0,button_disabled,参考图逐页复核；保留节点绑定
874,gm:Level20/Disabled/Artwork,gm,Level20/Disabled/Artwork,0,0,68,46,1,1,0,0,,,,0,1,1,0,1,,参考图逐页复核；保留节点绑定
875,gm:Level20/Selected,gm,Level20/Selected,0,0,68,46,1,1,0,0,,,,0,1,1,0,0,window_flat,参考图逐页复核；保留节点绑定
876,gm:Level20/Selected/Artwork,gm,Level20/Selected/Artwork,0,0,68,46,1,1,0,0,,,,0,1,1,0,1,,参考图逐页复核；保留节点绑定
877,gm:Level20/Text,gm,Level20/Text,0,0,68,46,1,1,13,17,Microsoft YaHei,#5c3020,,0,1,1,2,1,,参考图逐页复核；保留节点绑定
878,gm:Collection-enemies,gm,Collection-enemies,-108,-120.16000000000003,100,42,1,1,0,0,,,,0,1,1,0,1,,参考图逐页复核；保留节点绑定
879,gm:Collection-enemies/Surface,gm,Collection-enemies/Surface,0,0,100,42,1,1,0,0,,,,0,1,1,0,1,window_flat,参考图逐页复核；保留节点绑定
880,gm:Collection-enemies/Surface/Artwork,gm,Collection-enemies/Surface/Artwork,0,0,100,42,1,1,0,0,,,,0,1,1,0,1,,参考图逐页复核；保留节点绑定
881,gm:Collection-enemies/Disabled,gm,Collection-enemies/Disabled,0,0,100,42,1,1,0,0,,,,0,1,1,0,0,button_disabled,参考图逐页复核；保留节点绑定
882,gm:Collection-enemies/Disabled/Artwork,gm,Collection-enemies/Disabled/Artwork,0,0,100,42,1,1,0,0,,,,0,1,1,0,1,,参考图逐页复核；保留节点绑定
883,gm:Collection-enemies/Text,gm,Collection-enemies/Text,0,0,100,42,1,1,14,18,Microsoft YaHei,#5c3020,,0,1,1,2,1,,参考图逐页复核；保留节点绑定
884,gm:Collection-bosses,gm,Collection-bosses,0,-120.16000000000003,100,42,1,1,0,0,,,,0,1,1,0,1,,参考图逐页复核；保留节点绑定
885,gm:Collection-bosses/Surface,gm,Collection-bosses/Surface,0,0,100,42,1,1,0,0,,,,0,1,1,0,1,window_flat,参考图逐页复核；保留节点绑定
886,gm:Collection-bosses/Surface/Artwork,gm,Collection-bosses/Surface/Artwork,0,0,100,42,1,1,0,0,,,,0,1,1,0,1,,参考图逐页复核；保留节点绑定
887,gm:Collection-bosses/Disabled,gm,Collection-bosses/Disabled,0,0,100,42,1,1,0,0,,,,0,1,1,0,0,button_disabled,参考图逐页复核；保留节点绑定
888,gm:Collection-bosses/Disabled/Artwork,gm,Collection-bosses/Disabled/Artwork,0,0,100,42,1,1,0,0,,,,0,1,1,0,1,,参考图逐页复核；保留节点绑定
889,gm:Collection-bosses/Text,gm,Collection-bosses/Text,0,0,100,42,1,1,14,18,Microsoft YaHei,#5c3020,,0,1,1,2,1,,参考图逐页复核；保留节点绑定
890,gm:Collection-staff,gm,Collection-staff,108,-120.16000000000003,100,42,1,1,0,0,,,,0,1,1,0,1,,参考图逐页复核；保留节点绑定
891,gm:Collection-staff/Surface,gm,Collection-staff/Surface,0,0,100,42,1,1,0,0,,,,0,1,1,0,1,window_flat,参考图逐页复核；保留节点绑定
892,gm:Collection-staff/Surface/Artwork,gm,Collection-staff/Surface/Artwork,0,0,100,42,1,1,0,0,,,,0,1,1,0,1,,参考图逐页复核；保留节点绑定
893,gm:Collection-staff/Disabled,gm,Collection-staff/Disabled,0,0,100,42,1,1,0,0,,,,0,1,1,0,0,button_disabled,参考图逐页复核；保留节点绑定
894,gm:Collection-staff/Disabled/Artwork,gm,Collection-staff/Disabled/Artwork,0,0,100,42,1,1,0,0,,,,0,1,1,0,1,,参考图逐页复核；保留节点绑定
895,gm:Collection-staff/Text,gm,Collection-staff/Text,0,0,100,42,1,1,14,18,Microsoft YaHei,#5c3020,,0,1,1,2,1,,参考图逐页复核；保留节点绑定
896,gm:Collection-all,gm,Collection-all,-82,-173.16000000000003,150,42,1,1,0,0,,,,0,1,1,0,1,,参考图逐页复核；保留节点绑定
897,gm:Collection-all/Surface,gm,Collection-all/Surface,0,0,150,42,1,1,0,0,,,,0,1,1,0,1,window_flat,参考图逐页复核；保留节点绑定
898,gm:Collection-all/Surface/Artwork,gm,Collection-all/Surface/Artwork,0,0,150,42,1,1,0,0,,,,0,1,1,0,1,,参考图逐页复核；保留节点绑定
899,gm:Collection-all/Disabled,gm,Collection-all/Disabled,0,0,150,42,1,1,0,0,,,,0,1,1,0,0,button_disabled,参考图逐页复核；保留节点绑定
900,gm:Collection-all/Disabled/Artwork,gm,Collection-all/Disabled/Artwork,0,0,150,42,1,1,0,0,,,,0,1,1,0,1,,参考图逐页复核；保留节点绑定
901,gm:Collection-all/Text,gm,Collection-all/Text,0,0,150,42,1,1,14,18,Microsoft YaHei,#5c3020,,0,1,1,2,1,,参考图逐页复核；保留节点绑定
902,gm:Collection-restore,gm,Collection-restore,82,-173.16000000000003,150,42,1,1,0,0,,,,0,1,1,0,1,,参考图逐页复核；保留节点绑定
903,gm:Collection-restore/Surface,gm,Collection-restore/Surface,0,0,150,42,1,1,0,0,,,,0,1,1,0,1,window_flat,参考图逐页复核；保留节点绑定
904,gm:Collection-restore/Surface/Artwork,gm,Collection-restore/Surface/Artwork,0,0,150,42,1,1,0,0,,,,0,1,1,0,1,,参考图逐页复核；保留节点绑定
905,gm:Collection-restore/Disabled,gm,Collection-restore/Disabled,0,0,150,42,1,1,0,0,,,,0,1,1,0,0,button_disabled,参考图逐页复核；保留节点绑定
906,gm:Collection-restore/Disabled/Artwork,gm,Collection-restore/Disabled/Artwork,0,0,150,42,1,1,0,0,,,,0,1,1,0,1,,参考图逐页复核；保留节点绑定
907,gm:Collection-restore/Text,gm,Collection-restore/Text,0,0,150,42,1,1,14,18,Microsoft YaHei,#5c3020,,0,1,1,2,1,,参考图逐页复核；保留节点绑定
908,gm:Reset,gm,Reset,82,-235.16000000000003,150,48,1,1,0,0,,,,0,1,1,0,1,,参考图逐页复核；保留节点绑定
909,gm:Reset/Surface,gm,Reset/Surface,0,0,150,48,1,1,0,0,,,,0,1,1,0,1,window_flat,参考图逐页复核；保留节点绑定
910,gm:Reset/Surface/Artwork,gm,Reset/Surface/Artwork,0,0,150,48,1,1,0,0,,,,0,1,1,0,1,,参考图逐页复核；保留节点绑定
911,gm:Reset/Disabled,gm,Reset/Disabled,0,0,150,48,1,1,0,0,,,,0,1,1,0,0,button_disabled,参考图逐页复核；保留节点绑定
912,gm:Reset/Disabled/Artwork,gm,Reset/Disabled/Artwork,0,0,150,48,1,1,0,0,,,,0,1,1,0,1,,参考图逐页复核；保留节点绑定
913,gm:Reset/Text,gm,Reset/Text,0,0,150,48,1,1,14,18,Microsoft YaHei,#5c3020,,0,1,1,2,1,,参考图逐页复核；保留节点绑定
914,gm:Close,gm,Close,134,259.84,50,48,1,1,0,0,,,,0,1,1,0,1,,参考图逐页复核；保留节点绑定
915,gm:Close/Surface,gm,Close/Surface,0,0,50,48,1,1,0,0,,,,0,1,1,0,1,button_green,参考图逐页复核；保留节点绑定
916,gm:Close/Surface/Artwork,gm,Close/Surface/Artwork,0,0,50,48,1,1,0,0,,,,0,1,1,0,1,,参考图逐页复核；保留节点绑定
917,gm:Close/Disabled,gm,Close/Disabled,0,0,50,48,1,1,0,0,,,,0,1,1,0,0,button_disabled,参考图逐页复核；保留节点绑定
918,gm:Close/Disabled/Artwork,gm,Close/Disabled/Artwork,0,0,50,48,1,1,0,0,,,,0,1,1,0,1,,参考图逐页复核；保留节点绑定
919,gm:Close/Text,gm,Close/Text,0,0,50,48,1,1,15,19,Microsoft YaHei,#5c3020,,0,1,1,2,1,,参考图逐页复核；保留节点绑定
920,gm:Home,gm,Home,-82,-235.16000000000003,150,48,1,1,0,0,,,,0,1,1,0,1,,参考图逐页复核；保留节点绑定
921,gm:Home/Surface,gm,Home/Surface,0,0,150,48,1,1,0,0,,,,0,1,1,0,1,button_green,参考图逐页复核；保留节点绑定
922,gm:Home/Surface/Artwork,gm,Home/Surface/Artwork,0,0,150,48,1,1,0,0,,,,0,1,1,0,1,,参考图逐页复核；保留节点绑定
923,gm:Home/Disabled,gm,Home/Disabled,0,0,150,48,1,1,0,0,,,,0,1,1,0,0,button_disabled,参考图逐页复核；保留节点绑定
924,gm:Home/Disabled/Artwork,gm,Home/Disabled/Artwork,0,0,150,48,1,1,0,0,,,,0,1,1,0,1,,参考图逐页复核；保留节点绑定
925,gm:Home/Text,gm,Home/Text,0,0,150,48,1,1,14,18,Microsoft YaHei,#5c3020,,0,1,1,2,1,,参考图逐页复核；保留节点绑定
926,guide_hint:root,guide_hint,@,0,250.83999999999997,304,28,1,1,0,0,,,,0,1,1,0,1,,参考图逐页复核；保留节点绑定
927,guide_hint:Surface,guide_hint,Surface,0,0,304,28,1,1,0,0,,,,0,1,1,0,1,window_flat,参考图逐页复核；保留节点绑定
928,guide_hint:Surface/Artwork,guide_hint,Surface/Artwork,0,0,304,28,1,1,0,0,,,,0,1,1,0,1,,参考图逐页复核；保留节点绑定
929,guide_hint:Text,guide_hint,Text,0,0,290,28,1,1,14,20,Microsoft YaHei,#5c3020,,0,1,1,2,1,,参考图逐页复核；保留节点绑定
930,home:root,home,@,0,0,390,693.68,1,1,0,0,,,,0,1,1,0,1,,参考图逐页复核；保留节点绑定
931,home:BrandSmall,home,BrandSmall,0,298.84,160,26,1,1,13,19,Microsoft YaHei,#5c3020,,0,1,1,2,0,,参考图逐页复核；保留节点绑定
932,home:Brand,home,Brand,-133,275,118,24,1,1,17,21,Microsoft YaHei,#ffffff,#562b20,2,1,1,2,1,,参考图逐页复核；保留节点绑定
933,home:HeroGlow,home,HeroGlow,0,63.839999999999975,236,236,1,1,0,0,,,,0,1,1,0,0,disc,参考图逐页复核；保留节点绑定
934,home:HeroGlow/Artwork,home,HeroGlow/Artwork,0,0,236,236,1,1,0,0,,,,0,1,1,0,1,,参考图逐页复核；保留节点绑定
935,home:HeroGround,home,HeroGround,0,27.339999999999975,260,49,1,1,0,0,,,,0,1,1,0,0,window_flat,参考图逐页复核；保留节点绑定
936,home:HeroGround/Artwork,home,HeroGround/Artwork,0,0,260,49,1,1,0,0,,,,0,1,1,0,1,,参考图逐页复核；保留节点绑定
937,home:TreeLeft,home,TreeLeft,-143,82.83999999999997,115,115,1,1,0,0,,,,0,1,1,0,0,,参考图逐页复核；保留节点绑定
938,home:TreeRight,home,TreeRight,147,82.83999999999997,115,115,1,1,0,0,,,,0,1,1,0,0,,参考图逐页复核；保留节点绑定
939,home:Shop,home,Shop,-2,102.83999999999997,230,230,1,1,0,0,,,,0,1,1,0,0,,参考图逐页复核；保留节点绑定
940,home:Frost,home,Frost,-87,31.839999999999975,83,83,1,1,0,0,,,,0,1,1,0,0,,参考图逐页复核；保留节点绑定
941,home:Bloom,home,Bloom,84,31.839999999999975,83,83,1,1,0,0,,,,0,1,1,0,0,,参考图逐页复核；保留节点绑定
942,home:Sprout,home,Sprout,-3,20.839999999999975,94,94,1,1,0,0,,,,0,1,1,0,0,,参考图逐页复核；保留节点绑定
943,home:Adventure,home,Adventure,0,-163,234,82,1,1,0,0,,,,0,1,1,0,1,,参考图逐页复核；保留节点绑定
944,home:Adventure/Shadow,home,Adventure/Shadow,0,-4,306,68,1,1,0,0,,,,0,1,1,0,0,window_flat,参考图逐页复核；保留节点绑定
945,home:Adventure/Shadow/Artwork,home,Adventure/Shadow/Artwork,0,0,306,68,1,1,0,0,,,,0,1,1,0,1,,参考图逐页复核；保留节点绑定
946,home:Adventure/Surface,home,Adventure/Surface,0,0,234,82,1,1,0,0,,,,0,1,1,0,1,home_adventure,参考图逐页复核；保留节点绑定
947,home:Adventure/Surface/Artwork,home,Adventure/Surface/Artwork,0,0,306,68,1,1,0,0,,,,0,1,1,0,1,,参考图逐页复核；保留节点绑定
948,home:Adventure/Title,home,Adventure/Title,0,12,210,39,1,1,31,35,Microsoft YaHei,#ffffff,#98520e,3,1,1,2,1,,参考图逐页复核；保留节点绑定
949,home:Adventure/Note,home,Adventure/Note,0,-22,214,23,1,1,14,18,Microsoft YaHei,#7a4708,,0,1,1,2,1,,参考图逐页复核；保留节点绑定
950,home:Challenge,home,Challenge,0,-247,234,82,1,1,0,0,,,,0,1,1,0,1,,参考图逐页复核；保留节点绑定
951,home:Challenge/Shadow,home,Challenge/Shadow,0,-4,306,68,1,1,0,0,,,,0,1,1,0,0,window_flat,参考图逐页复核；保留节点绑定
952,home:Challenge/Shadow/Artwork,home,Challenge/Shadow/Artwork,0,0,306,68,1,1,0,0,,,,0,1,1,0,1,,参考图逐页复核；保留节点绑定
953,home:Challenge/Surface,home,Challenge/Surface,0,0,234,82,1,1,0,0,,,,0,1,1,0,1,home_challenge,参考图逐页复核；保留节点绑定
954,home:Challenge/Surface/Artwork,home,Challenge/Surface/Artwork,0,0,306,68,1,1,0,0,,,,0,1,1,0,1,,参考图逐页复核；保留节点绑定
955,home:Challenge/Title,home,Challenge/Title,0,12,210,39,1,1,31,35,Microsoft YaHei,#ffffff,#2f640e,3,1,1,2,1,,参考图逐页复核；保留节点绑定
956,home:Challenge/Note,home,Challenge/Note,0,-22,214,23,1,1,14,18,Microsoft YaHei,#123b05,,0,1,1,2,1,,参考图逐页复核；保留节点绑定
957,home:Collection,home,Collection,-75,225,65,72,1,1,0,0,,,,0,1,1,0,1,,参考图逐页复核；保留节点绑定
958,home:Collection/Shadow,home,Collection/Shadow,0,-4,306,68,1,1,0,0,,,,0,1,1,0,0,window_flat,参考图逐页复核；保留节点绑定
959,home:Collection/Shadow/Artwork,home,Collection/Shadow/Artwork,0,0,306,68,1,1,0,0,,,,0,1,1,0,1,,参考图逐页复核；保留节点绑定
960,home:Collection/Surface,home,Collection/Surface,0,0,306,68,1,1,0,0,,,,0,1,1,0,0,window_flat,参考图逐页复核；保留节点绑定
961,home:Collection/Surface/Artwork,home,Collection/Surface/Artwork,0,0,306,68,1,1,0,0,,,,0,1,1,0,1,,参考图逐页复核；保留节点绑定
962,home:Collection/BookIcon,home,Collection/BookIcon,0,12,62,49,1,1,0,0,,,,0,1,1,0,1,icon_book,参考图逐页复核；保留节点绑定
963,home:Collection/BookIcon/Artwork,home,Collection/BookIcon/Artwork,0,0,65,49.49346405228758,1,1,0,0,,,,0,1,1,0,1,,参考图逐页复核；保留节点绑定
964,home:Collection/Title,home,Collection/Title,0,-24,65,24,1,1,19,23,Microsoft YaHei,#ffffff,#562b20,2,1,1,2,1,,参考图逐页复核；保留节点绑定
965,home:Collection/Note,home,Collection/Note,0,-17,262,24,1,1,13,19,Microsoft YaHei,#5c3020,,0,1,1,2,0,,参考图逐页复核；保留节点绑定
966,home:Footer,home,Footer,0,-311,220,28,1,1,14,18,Microsoft YaHei,#ffffff,#176d92,1.8,1,1,2,1,,参考图逐页复核；保留节点绑定
967,home:Sidebar,home,Sidebar,0,-309.16,200,48,1,1,0,0,,,,0,1,1,0,1,,参考图逐页复核；保留节点绑定
968,home:Sidebar/Text,home,Sidebar/Text,0,-1,200,36,1,1,13,19,Microsoft YaHei,#5c3020,,0,1,1,2,1,,参考图逐页复核；保留节点绑定
969,home:Avatar,home,Avatar,-158,306,44,44,1,1,0,0,,,,0,1,1,0,1,icon_avatar,参考图逐页复核；保留节点绑定
970,home:Avatar/Artwork,home,Avatar/Artwork,0,0,54,48.84076433121019,1,1,0,0,,,,0,1,1,0,1,,参考图逐页复核；保留节点绑定
971,home:ProgressPanel,home,ProgressPanel,-80,309,92,29,1,1,0,0,,,,0,1,1,0,1,counter_white,参考图逐页复核；保留节点绑定
972,home:ProgressPanel/Artwork,home,ProgressPanel/Artwork,0,0,122,30,1,1,0,0,,,,0,1,1,0,1,,参考图逐页复核；保留节点绑定
973,home:ProgressHeart,home,ProgressHeart,-110,309,40,40,1,1,0,0,,,,0,1,1,0,1,icon_heart,参考图逐页复核；保留节点绑定
974,home:ProgressHeart/Artwork,home,ProgressHeart/Artwork,0,0,40,35.294117647058826,1,1,0,0,,,,0,1,1,0,1,,参考图逐页复核；保留节点绑定
975,home:Progress,home,Progress,-65,309,53,26,1,1,19,23,Microsoft YaHei,#4b1c12,,0,1,1,2,1,,参考图逐页复核；保留节点绑定
976,home:CollectionPanel,home,CollectionPanel,16,309,90,29,1,1,0,0,,,,0,1,1,0,1,counter_white,参考图逐页复核；保留节点绑定
977,home:CollectionPanel/Artwork,home,CollectionPanel/Artwork,0,0,116,30,1,1,0,0,,,,0,1,1,0,1,,参考图逐页复核；保留节点绑定
978,home:CollectionCoin,home,CollectionCoin,-13,309,40,40,1,1,0,0,,,,0,1,1,0,1,icon_coin,参考图逐页复核；保留节点绑定
979,home:CollectionCoin/Artwork,home,CollectionCoin/Artwork,0,0,40,33.95189003436426,1,1,0,0,,,,0,1,1,0,1,,参考图逐页复核；保留节点绑定
980,home:StoreIcon,home,StoreIcon,-152,237,58,54.23890784982935,1,1,0,0,,,,0,1,1,0,0,icon_store,参考图逐页复核；保留节点绑定
981,home:StoreIcon/Artwork,home,StoreIcon/Artwork,0,0,58,54.23890784982935,1,1,0,0,,,,0,1,1,0,1,,参考图逐页复核；保留节点绑定
982,home:Store,home,Store,-156,225,65,72,1,1,0,0,,,,0,1,1,0,1,,参考图逐页复核；保留节点绑定
983,home:Store/Icon,home,Store/Icon,0,12,53,53,1,1,0,0,,,,0,1,1,0,1,icon_store,参考图逐页复核；保留节点绑定
984,home:Store/Icon/Artwork,home,Store/Icon/Artwork,0,0,58,54.23890784982935,1,1,0,0,,,,0,1,1,0,1,,参考图逐页复核；保留节点绑定
985,home:Store/Text,home,Store/Text,0,-24,65,24,1,1,19,23,Microsoft YaHei,#ffffff,#562b20,2,1,1,2,1,,参考图逐页复核；保留节点绑定
986,home:Ranking,home,Ranking,157,-309,48,59,1,1,0,0,,,,0,1,1,0,1,,参考图逐页复核；保留节点绑定
987,home:Ranking/Icon,home,Ranking/Icon,0,8,44,44,1,1,0,0,,,,0,1,1,0,1,icon_trophy,参考图逐页复核；保留节点绑定
988,home:Ranking/Icon/Artwork,home,Ranking/Icon/Artwork,0,0,47,44.683098591549296,1,1,0,0,,,,0,1,1,0,1,,参考图逐页复核；保留节点绑定
989,home:Ranking/Text,home,Ranking/Text,0,-24,72,24,1,1,17,21,Microsoft YaHei,#ffffff,#562b20,2,1,1,2,1,,参考图逐页复核；保留节点绑定
990,home:BrandNote,home,BrandNote,0,216.83999999999997,290,30,1,1,14,20,Microsoft YaHei,#5c3020,,0,1,1,2,0,,参考图逐页复核；保留节点绑定
991,home:CollectionCount,home,CollectionCount,31,309,48,26,1,1,19,23,Microsoft YaHei,#4b1c12,,0,1,1,2,1,,参考图逐页复核；保留节点绑定
992,home:StoreCaption,home,StoreCaption,-152,199,74,27,1,1,19,24,Microsoft YaHei,#ffffff,#6a3925,1.4,1,1,2,0,,参考图逐页复核；保留节点绑定
993,home:Settings,home,Settings,-157,-309,48,59,1,1,0,0,,,,0,1,1,0,1,,参考图逐页复核；保留节点绑定
994,home:Settings/Surface,home,Settings/Surface,0,0,48,48,1,1,0,0,,,,0,1,1,0,0,disc,参考图逐页复核；保留节点绑定
995,home:Settings/Surface/Artwork,home,Settings/Surface/Artwork,0,0,48,48,1,1,0,0,,,,0,1,1,0,1,,参考图逐页复核；保留节点绑定
996,home:Settings/Tooth0,home,Settings/Tooth0,0,0,48,48,1,1,0,0,,,,0,1,1,0,0,shape_879420dc0b,参考图逐页复核；保留节点绑定
997,home:Settings/Tooth0/Artwork,home,Settings/Tooth0/Artwork,0,0,56,56,1,1,0,0,,,,0,1,1,0,1,,参考图逐页复核；保留节点绑定
998,home:Settings/Tooth1,home,Settings/Tooth1,0,0,48,48,1,1,0,0,,,,0,1,1,0,0,shape_f3905dc24d,参考图逐页复核；保留节点绑定
999,home:Settings/Tooth1/Artwork,home,Settings/Tooth1/Artwork,0,0,56,56,1,1,0,0,,,,0,1,1,0,1,,参考图逐页复核；保留节点绑定
1000,home:Settings/Tooth2,home,Settings/Tooth2,0,0,48,48,1,1,0,0,,,,0,1,1,0,0,shape_b3665c1d45,参考图逐页复核；保留节点绑定
1001,home:Settings/Tooth2/Artwork,home,Settings/Tooth2/Artwork,0,0,56,56,1,1,0,0,,,,0,1,1,0,1,,参考图逐页复核；保留节点绑定
1002,home:Settings/Tooth3,home,Settings/Tooth3,0,0,48,48,1,1,0,0,,,,0,1,1,0,0,shape_c40152e557,参考图逐页复核；保留节点绑定
1003,home:Settings/Tooth3/Artwork,home,Settings/Tooth3/Artwork,0,0,56,56,1,1,0,0,,,,0,1,1,0,1,,参考图逐页复核；保留节点绑定
1004,home:Settings/Tooth4,home,Settings/Tooth4,0,0,48,48,1,1,0,0,,,,0,1,1,0,0,shape_a4685d65a6,参考图逐页复核；保留节点绑定
1005,home:Settings/Tooth4/Artwork,home,Settings/Tooth4/Artwork,0,0,56,56,1,1,0,0,,,,0,1,1,0,1,,参考图逐页复核；保留节点绑定
1006,home:Settings/Tooth5,home,Settings/Tooth5,0,0,48,48,1,1,0,0,,,,0,1,1,0,0,shape_6e8296e572,参考图逐页复核；保留节点绑定
1007,home:Settings/Tooth5/Artwork,home,Settings/Tooth5/Artwork,0,0,56,56,1,1,0,0,,,,0,1,1,0,1,,参考图逐页复核；保留节点绑定
1008,home:Settings/Tooth6,home,Settings/Tooth6,0,0,48,48,1,1,0,0,,,,0,1,1,0,0,shape_a886e0fc5b,参考图逐页复核；保留节点绑定
1009,home:Settings/Tooth6/Artwork,home,Settings/Tooth6/Artwork,0,0,56,56,1,1,0,0,,,,0,1,1,0,1,,参考图逐页复核；保留节点绑定
1010,home:Settings/Tooth7,home,Settings/Tooth7,0,0,48,48,1,1,0,0,,,,0,1,1,0,0,shape_933e4e7edb,参考图逐页复核；保留节点绑定
1011,home:Settings/Tooth7/Artwork,home,Settings/Tooth7/Artwork,0,0,56,56,1,1,0,0,,,,0,1,1,0,1,,参考图逐页复核；保留节点绑定
1012,home:Settings/GearRing,home,Settings/GearRing,0,0,16,16,1,1,0,0,,,,0,1,1,0,0,shape_0d1d14c16e,参考图逐页复核；保留节点绑定
1013,home:Settings/GearRing/Artwork,home,Settings/GearRing/Artwork,0,0,24,24,1,1,0,0,,,,0,1,1,0,1,,参考图逐页复核；保留节点绑定
1014,home:Settings/GearCenter,home,Settings/GearCenter,0,0,6,6,1,1,0,0,,,,0,1,1,0,0,disc,参考图逐页复核；保留节点绑定
1015,home:Settings/GearCenter/Artwork,home,Settings/GearCenter/Artwork,0,0,6,6,1,1,0,0,,,,0,1,1,0,1,,参考图逐页复核；保留节点绑定
1016,home:Settings/GearIcon,home,Settings/GearIcon,0,8,44,44,1,1,0,0,,,,0,1,1,0,1,icon_gear,参考图逐页复核；保留节点绑定
1017,home:Settings/GearIcon/Artwork,home,Settings/GearIcon/Artwork,0,0,46.99999999999999,43.23344947735191,1,1,0,0,,,,0,1,1,0,1,,参考图逐页复核；保留节点绑定
1018,home:Settings/Caption,home,Settings/Caption,0,-24,65,24,1,1,17,21,Microsoft YaHei,#ffffff,#176d92,2,1,1,2,1,,参考图逐页复核；保留节点绑定
1019,levels:root,levels,@,0,0,390,693.68,1,1,0,0,,,,0,1,1,0,1,,参考图逐页复核；保留节点绑定
1020,levels:Panel,levels,Panel,0,-13,360,538,1,1,0,0,,,,0,1,1,0,1,window_flat,参考图逐页复核；保留节点绑定
1021,levels:Panel/Artwork,levels,Panel/Artwork,0,0,362,540,1,1,0,0,,,,0,1,1,0,1,,参考图逐页复核；保留节点绑定
1022,levels:Cards,levels,Cards,0,0,390,693.68,1,1,0,0,,,,0,1,1,0,1,,参考图逐页复核；保留节点绑定
1023,levels:Cards/Slot0,levels,Cards/Slot0,-86,106.83999999999997,162,196,1,1,0,0,,,,0,1,1,0,1,,参考图逐页复核；保留节点绑定
1024,levels:Cards/Slot1,levels,Cards/Slot1,86,106.83999999999997,162,196,1,1,0,0,,,,0,1,1,0,1,,参考图逐页复核；保留节点绑定
1025,levels:Cards/Slot2,levels,Cards/Slot2,-86,-104.16000000000003,162,196,1,1,0,0,,,,0,1,1,0,1,,参考图逐页复核；保留节点绑定
1026,levels:Cards/Slot3,levels,Cards/Slot3,86,-104.16000000000003,162,196,1,1,0,0,,,,0,1,1,0,1,,参考图逐页复核；保留节点绑定
1027,levels:Pagination,levels,Pagination,0,-255.16000000000003,90,40,1,1,16,22,Microsoft YaHei,#5c3020,,0,1,1,2,1,,参考图逐页复核；保留节点绑定
1028,levels:Footer,levels,Footer,0,-310.16,315,30,1,1,13,19,Microsoft YaHei,#5c3020,,0,1,1,2,0,,参考图逐页复核；保留节点绑定
1029,levels:Title,levels,Title,15,299.84,240,44,1,1,25,29,Microsoft YaHei,#075b44,,0,1,1,2,1,,参考图逐页复核；保留节点绑定
1030,levels:Note,levels,Note,0,230,316,26,1,1,12,16,Microsoft YaHei,#536447,,0,1,1,2,1,,参考图逐页复核；保留节点绑定
1031,levels:Back,levels,Back,-154,300.84,52,48,1,1,0,0,,,,0,1,1,0,1,,参考图逐页复核；保留节点绑定
1032,levels:Back/Shadow,levels,Back/Shadow,0,-4,52,48,1,1,0,0,,,,0,1,1,0,0,window_flat,参考图逐页复核；保留节点绑定
1033,levels:Back/Shadow/Artwork,levels,Back/Shadow/Artwork,0,0,52,48,1,1,0,0,,,,0,1,1,0,1,,参考图逐页复核；保留节点绑定
1034,levels:Back/Surface,levels,Back/Surface,0,0,52,48,1,1,0,0,,,,0,1,1,0,1,button_green,参考图逐页复核；保留节点绑定
1035,levels:Back/Surface/Artwork,levels,Back/Surface/Artwork,0,0,52,48,1,1,0,0,,,,0,1,1,0,1,,参考图逐页复核；保留节点绑定
1036,levels:Back/Disabled,levels,Back/Disabled,0,0,52,48,1,1,0,0,,,,0,1,1,0,0,button_disabled,参考图逐页复核；保留节点绑定
1037,levels:Back/Disabled/Artwork,levels,Back/Disabled/Artwork,0,0,52,48,1,1,0,0,,,,0,1,1,0,1,,参考图逐页复核；保留节点绑定
1038,levels:Back/Text,levels,Back/Text,0,0,44,44,1,1,15,21,Microsoft YaHei,#5c3020,,0,1,1,2,1,,参考图逐页复核；保留节点绑定
1039,levels:Previous,levels,Previous,-114,-255.16000000000003,100,48,1,1,0,0,,,,0,1,1,0,1,,参考图逐页复核；保留节点绑定
1040,levels:Previous/Shadow,levels,Previous/Shadow,0,-4,100,48,1,1,0,0,,,,0,1,1,0,0,window_flat,参考图逐页复核；保留节点绑定
1041,levels:Previous/Shadow/Artwork,levels,Previous/Shadow/Artwork,0,0,100,48,1,1,0,0,,,,0,1,1,0,1,,参考图逐页复核；保留节点绑定
1042,levels:Previous/Surface,levels,Previous/Surface,0,0,100,48,1,1,0,0,,,,0,1,1,0,1,button_green,参考图逐页复核；保留节点绑定
1043,levels:Previous/Surface/Artwork,levels,Previous/Surface/Artwork,0,0,100,48,1,1,0,0,,,,0,1,1,0,1,,参考图逐页复核；保留节点绑定
1044,levels:Previous/Disabled,levels,Previous/Disabled,0,0,100,48,1,1,0,0,,,,0,1,1,0,0,button_disabled,参考图逐页复核；保留节点绑定
1045,levels:Previous/Disabled/Artwork,levels,Previous/Disabled/Artwork,0,0,100,48,1,1,0,0,,,,0,1,1,0,1,,参考图逐页复核；保留节点绑定
1046,levels:Previous/Text,levels,Previous/Text,0,0,92,44,1,1,15,19,Microsoft YaHei,#ffffff,#216f42,1,1,1,2,1,,参考图逐页复核；保留节点绑定
1047,levels:Previous/DisabledText,levels,Previous/DisabledText,0,0,92,44,1,1,15,19,Microsoft YaHei,#687363,,0,1,1,2,0,,参考图逐页复核；保留节点绑定
1048,levels:Next,levels,Next,114,-255.16000000000003,100,48,1,1,0,0,,,,0,1,1,0,1,,参考图逐页复核；保留节点绑定
1049,levels:Next/Shadow,levels,Next/Shadow,0,-4,100,48,1,1,0,0,,,,0,1,1,0,0,window_flat,参考图逐页复核；保留节点绑定
1050,levels:Next/Shadow/Artwork,levels,Next/Shadow/Artwork,0,0,100,48,1,1,0,0,,,,0,1,1,0,1,,参考图逐页复核；保留节点绑定
1051,levels:Next/Surface,levels,Next/Surface,0,0,100,48,1,1,0,0,,,,0,1,1,0,1,button_green,参考图逐页复核；保留节点绑定
1052,levels:Next/Surface/Artwork,levels,Next/Surface/Artwork,0,0,100,48,1,1,0,0,,,,0,1,1,0,1,,参考图逐页复核；保留节点绑定
1053,levels:Next/Disabled,levels,Next/Disabled,0,0,100,48,1,1,0,0,,,,0,1,1,0,0,button_disabled,参考图逐页复核；保留节点绑定
1054,levels:Next/Disabled/Artwork,levels,Next/Disabled/Artwork,0,0,100,48,1,1,0,0,,,,0,1,1,0,1,,参考图逐页复核；保留节点绑定
1055,levels:Next/Text,levels,Next/Text,0,0,92,44,1,1,15,19,Microsoft YaHei,#ffffff,#216f42,1,1,1,2,1,,参考图逐页复核；保留节点绑定
1056,levels:Next/DisabledText,levels,Next/DisabledText,0,0,92,44,1,1,15,19,Microsoft YaHei,#687363,,0,1,1,2,0,,参考图逐页复核；保留节点绑定
1057,level_card:root,level_card,@,0,0,156,194,1,1,0,0,,,,0,1,1,0,1,,参考图逐页复核；保留节点绑定
1058,level_card:Unlocked,level_card,Unlocked,0,0,162,196,1,1,0,0,,,,0,1,1,0,1,,参考图逐页复核；保留节点绑定
1059,level_card:Unlocked/Shadow,level_card,Unlocked/Shadow,0,-4,162,196,1,1,0,0,,,,0,1,1,0,0,window_flat,参考图逐页复核；保留节点绑定
1060,level_card:Unlocked/Shadow/Artwork,level_card,Unlocked/Shadow/Artwork,0,0,162,196,1,1,0,0,,,,0,1,1,0,1,,参考图逐页复核；保留节点绑定
1061,level_card:Unlocked/Surface,level_card,Unlocked/Surface,0,0,156,194,1,1,0,0,,,,0,1,1,0,1,window_flat,参考图逐页复核；保留节点绑定
1062,level_card:Unlocked/Surface/Artwork,level_card,Unlocked/Surface/Artwork,0,0,162,196,1,1,0,0,,,,0,1,1,0,1,,参考图逐页复核；保留节点绑定
1063,level_card:Locked,level_card,Locked,0,0,162,196,1,1,0,0,,,,0,1,1,0,1,,参考图逐页复核；保留节点绑定
1064,level_card:Locked/Shadow,level_card,Locked/Shadow,0,-4,162,196,1,1,0,0,,,,0,1,1,0,0,window_flat,参考图逐页复核；保留节点绑定
1065,level_card:Locked/Shadow/Artwork,level_card,Locked/Shadow/Artwork,0,0,162,196,1,1,0,0,,,,0,1,1,0,1,,参考图逐页复核；保留节点绑定
1066,level_card:Locked/Surface,level_card,Locked/Surface,0,0,156,194,1,1,0,0,,,,0,1,1,0,1,window_flat,参考图逐页复核；保留节点绑定
1067,level_card:Locked/Surface/Artwork,level_card,Locked/Surface/Artwork,0,0,162,196,1,1,0,0,,,,0,1,1,0,1,,参考图逐页复核；保留节点绑定
1068,level_card:Thumbnail,level_card,Thumbnail,0,26,132,122,1,1,0,0,,,,0,1,1,0,1,preview_ground,参考图逐页复核；保留节点绑定
1069,level_card:Thumbnail/Artwork,level_card,Thumbnail/Artwork,0,0,144,112,1,1,0,0,,,,0,1,1,0,1,,参考图逐页复核；保留节点绑定
1070,level_card:LockedThumbnail,level_card,LockedThumbnail,0,26,132,122,1,1,0,0,,,,0,1,1,0,1,window_flat,参考图逐页复核；保留节点绑定
1071,level_card:LockedThumbnail/Artwork,level_card,LockedThumbnail/Artwork,0,0,144,112,1,1,0,0,,,,0,1,1,0,1,,参考图逐页复核；保留节点绑定
1072,level_card:Route,level_card,Route,0,26,132,122,1,1,0,0,,,,0,1,1,0,1,,参考图逐页复核；保留节点绑定
1073,level_card:Route/Projection,level_card,Route/Projection,0,0,98,87,1,1,0,0,,,,0,1,1,0,1,,参考图逐页复核；保留节点绑定
1074,level_card:Route/ShopMarker,level_card,Route/ShopMarker,0,0,24,24,1,1,0,0,,,,0,1,1,0,1,,参考图逐页复核；保留节点绑定
1075,level_card:Route/ShopMarker/Shop,level_card,Route/ShopMarker/Shop,0,4,32,32,1,1,0,0,,,,0,1,1,0,1,,参考图逐页复核；保留节点绑定
1076,level_card:Theme,level_card,Theme,18,70,95,23,1,1,11,17,Microsoft YaHei,#5c3020,,0,1,1,2,1,,参考图逐页复核；保留节点绑定
1077,level_card:Number,level_card,Number,-48,74,34,22,1,1,14,18,Microsoft YaHei,#075b44,,0,1,1,2,1,,参考图逐页复核；保留节点绑定
1078,level_card:State,level_card,State,0,-76,140,23,1,1,12,16,Microsoft YaHei,#5e6553,,0,1,1,2,1,,参考图逐页复核；保留节点绑定
1079,level_card:LockedState,level_card,LockedState,0,-76,140,23,1,1,12,16,Microsoft YaHei,#5e6553,,0,1,1,2,1,,参考图逐页复核；保留节点绑定
1080,level_card:Lock,level_card,Lock,0,36,55.2,55.2,1,1,0,0,,,,0,1,1,0,1,,参考图逐页复核；保留节点绑定
1081,level_card:Lock/Ring,level_card,Lock/Ring,0,5.75,16.1,16.1,1,1,0,0,,,,0,1,1,0,1,shape_4d22f9bb82,参考图逐页复核；保留节点绑定
1082,level_card:Lock/Ring/Artwork,level_card,Lock/Ring/Artwork,0,0,24.1,24.1,1,1,0,0,,,,0,1,1,0,1,,参考图逐页复核；保留节点绑定
1083,level_card:Lock/Base,level_card,Lock/Base,0,-8.049999999999997,27.6,23,1,1,0,0,,,,0,1,1,0,1,round_4p6,参考图逐页复核；保留节点绑定
1084,level_card:Lock/Base/Artwork,level_card,Lock/Base/Artwork,0,0,27.6,23,1,1,0,0,,,,0,1,1,0,1,,参考图逐页复核；保留节点绑定
1085,level_card:Lock/KeyHole,level_card,Lock/KeyHole,0,-5.749999999999999,4.6,4.6,1,1,0,0,,,,0,1,1,0,1,disc,参考图逐页复核；保留节点绑定
1086,level_card:Lock/KeyHole/Artwork,level_card,Lock/KeyHole/Artwork,0,0,4.6,4.6,1,1,0,0,,,,0,1,1,0,1,,参考图逐页复核；保留节点绑定
1087,level_card:Title,level_card,Title,0,-48,138,26,1,1,15,19,Microsoft YaHei,#075b44,,0,1,1,2,1,,参考图逐页复核；保留节点绑定
1088,loading:root,loading,@,0,0,390,693.68,1,1,0,0,,,,0,1,1,0,1,,参考图逐页复核；保留节点绑定
1089,loading:Background,loading,Background,0,0,390,693.68,1,1,0,0,,,,0,1,1,0,1,loading_blue,参考图逐页复核；保留节点绑定
1090,loading:Background/Artwork,loading,Background/Artwork,0,0,390,693.68,1,1,0,0,,,,0,1,1,0,1,,参考图逐页复核；保留节点绑定
1091,loading:Track,loading,Track,0,-245,258,20,1,1,0,0,,,,0,1,1,0,1,loading_track,参考图逐页复核；保留节点绑定
1092,loading:Track/Artwork,loading,Track/Artwork,0,0,270,18,1,1,0,0,,,,0,1,1,0,1,,参考图逐页复核；保留节点绑定
1093,loading:Error,loading,Error,0,0,1,1,1,1,1,6,Microsoft YaHei,#5c3020,,0,1,1,2,0,,参考图逐页复核；保留节点绑定
1094,loading:Fill,loading,Fill,-126,-245,252,15,1,1,0,0,,,,0,1,1,0,1,loading_fill,参考图逐页复核；保留节点绑定
1095,loading:Fill/Artwork,loading,Fill/Artwork,126,0,252,15,1,1,0,0,,,,0,1,1,0,1,,参考图逐页复核；保留节点绑定
1096,loading:Text,loading,Text,0,-211,118,31,1,1,24,28,Microsoft YaHei,#ffffff,#247da1,2,1,1,2,1,,参考图逐页复核；保留节点绑定
1097,loading:EndPaw,loading,EndPaw,0,-245,24,24,1,1,0,0,,,,0,1,1,0,1,loading_paw,参考图逐页复核；保留节点绑定
1098,loading:EndPaw/Artwork,loading,EndPaw/Artwork,0,0,24,24,1,1,0,0,,,,0,1,1,0,1,,参考图逐页复核；保留节点绑定
1099,loading:TitlePawLeft,loading,TitlePawLeft,-70,-211,23,23,1,1,0,0,,,,0,1,1,0,1,loading_title_paw,参考图逐页复核；保留节点绑定
1100,loading:TitlePawLeft/Artwork,loading,TitlePawLeft/Artwork,0,0,23,23,1,1,0,0,,,,0,1,1,0,1,,参考图逐页复核；保留节点绑定
1101,loading:TitlePawRight,loading,TitlePawRight,70,-211,23,23,1,1,0,0,,,,0,1,1,0,1,loading_title_paw,参考图逐页复核；保留节点绑定
1102,loading:TitlePawRight/Artwork,loading,TitlePawRight/Artwork,0,0,23,23,1,1,0,0,,,,0,1,1,0,1,,参考图逐页复核；保留节点绑定
1103,loadout:root,loadout,@,0,0,390,693.68,1,1,0,0,,,,0,1,1,0,1,,参考图逐页复核；保留节点绑定
1104,loadout:BattleBackground,loadout,BattleBackground,0,0,390,693.68,1,1,0,0,,,,0,1,1,0,1,courtyard_ground,参考图逐页复核；保留节点绑定
1105,loadout:BattleBackground/Artwork,loadout,BattleBackground/Artwork,0,0,390,693.68,1,1,0,0,,,,0,1,1,0,1,,参考图逐页复核；保留节点绑定
1106,loadout:BattleRoad,loadout,BattleRoad,0,0,390,693.68,1,1,0,0,,,,0,1,1,0,1,map_21,参考图逐页复核；保留节点绑定
1107,loadout:BattleRoad/Artwork,loadout,BattleRoad/Artwork,0,0,390,693.68,1,1,0,0,,,,0,1,1,0,1,,参考图逐页复核；保留节点绑定
1108,loadout:BattleDim,loadout,BattleDim,0,0,390,693.68,1,1,0,0,,,,0,1,1,0,1,round_0,参考图逐页复核；保留节点绑定
1109,loadout:BattleDim/Artwork,loadout,BattleDim/Artwork,0,0,390,693.68,1,1,0,0,,,,0,1,1,0,1,,参考图逐页复核；保留节点绑定
1110,loadout:Panel,loadout,Panel,0,-25,367,342,1,1,0,0,,,,0,1,1,0,1,,参考图逐页复核；保留节点绑定
1111,loadout:Panel/Shadow,loadout,Panel/Shadow,0,-4,362,550,1,1,0,0,,,,0,1,1,0,0,window_flat,参考图逐页复核；保留节点绑定
1112,loadout:Panel/Shadow/Artwork,loadout,Panel/Shadow/Artwork,0,0,362,550,1,1,0,0,,,,0,1,1,0,1,,参考图逐页复核；保留节点绑定
1113,loadout:Panel/Surface,loadout,Panel/Surface,0,0,367,342,1,1,0,0,,,,0,1,1,0,1,window_flat,参考图逐页复核；保留节点绑定
1114,loadout:Panel/Surface/Artwork,loadout,Panel/Surface/Artwork,0,0,362,550,1,1,0,0,,,,0,1,1,0,1,,参考图逐页复核；保留节点绑定
1115,loadout:Banner,loadout,Banner,0,203,320,118,1,1,0,0,,,,0,1,1,0,1,night_banner,参考图逐页复核；保留节点绑定
1116,loadout:Banner/Artwork,loadout,Banner/Artwork,0,0,343,80,1,1,0,0,,,,0,1,1,0,1,,参考图逐页复核；保留节点绑定
1117,loadout:Selected,loadout,Selected,0,-26.660000000000025,340,67,1,1,0,0,,,,0,1,1,0,0,,参考图逐页复核；保留节点绑定
1118,loadout:Selected/Slot0,loadout,Selected/Slot0,-129,0,82,67,1,1,0,0,,,,0,1,1,0,1,,参考图逐页复核；保留节点绑定
1119,loadout:Selected/Slot0/Shadow,loadout,Selected/Slot0/Shadow,0,-4,82,67,1,1,0,0,,,,0,1,1,0,0,window_flat,参考图逐页复核；保留节点绑定
1120,loadout:Selected/Slot0/Shadow/Artwork,loadout,Selected/Slot0/Shadow/Artwork,0,0,82,67,1,1,0,0,,,,0,1,1,0,1,,参考图逐页复核；保留节点绑定
1121,loadout:Selected/Slot0/Surface,loadout,Selected/Slot0/Surface,0,0,82,67,1,1,0,0,,,,0,1,1,0,1,window_flat,参考图逐页复核；保留节点绑定
1122,loadout:Selected/Slot0/Surface/Artwork,loadout,Selected/Slot0/Surface/Artwork,0,0,82,67,1,1,0,0,,,,0,1,1,0,1,,参考图逐页复核；保留节点绑定
1123,loadout:Selected/Slot0/Icon,loadout,Selected/Slot0/Icon,0,8.5,46,46,1,1,0,0,,,,0,1,1,0,1,,参考图逐页复核；保留节点绑定
1124,loadout:Selected/Slot0/Name,loadout,Selected/Slot0/Name,0,-21.5,78,22,1,1,12,18,Microsoft YaHei,#5c3020,,0,1,1,2,1,,参考图逐页复核；保留节点绑定
1125,loadout:Selected/Slot1,loadout,Selected/Slot1,-43,0,82,67,1,1,0,0,,,,0,1,1,0,1,,参考图逐页复核；保留节点绑定
1126,loadout:Selected/Slot1/Shadow,loadout,Selected/Slot1/Shadow,0,-4,82,67,1,1,0,0,,,,0,1,1,0,0,window_flat,参考图逐页复核；保留节点绑定
1127,loadout:Selected/Slot1/Shadow/Artwork,loadout,Selected/Slot1/Shadow/Artwork,0,0,82,67,1,1,0,0,,,,0,1,1,0,1,,参考图逐页复核；保留节点绑定
1128,loadout:Selected/Slot1/Surface,loadout,Selected/Slot1/Surface,0,0,82,67,1,1,0,0,,,,0,1,1,0,1,window_flat,参考图逐页复核；保留节点绑定
1129,loadout:Selected/Slot1/Surface/Artwork,loadout,Selected/Slot1/Surface/Artwork,0,0,82,67,1,1,0,0,,,,0,1,1,0,1,,参考图逐页复核；保留节点绑定
1130,loadout:Selected/Slot1/Icon,loadout,Selected/Slot1/Icon,0,8.5,46,46,1,1,0,0,,,,0,1,1,0,1,,参考图逐页复核；保留节点绑定
1131,loadout:Selected/Slot1/Name,loadout,Selected/Slot1/Name,0,-21.5,78,22,1,1,12,18,Microsoft YaHei,#5c3020,,0,1,1,2,1,,参考图逐页复核；保留节点绑定
1132,loadout:Selected/Slot2,loadout,Selected/Slot2,43,0,82,67,1,1,0,0,,,,0,1,1,0,1,,参考图逐页复核；保留节点绑定
1133,loadout:Selected/Slot2/Shadow,loadout,Selected/Slot2/Shadow,0,-4,82,67,1,1,0,0,,,,0,1,1,0,0,window_flat,参考图逐页复核；保留节点绑定
1134,loadout:Selected/Slot2/Shadow/Artwork,loadout,Selected/Slot2/Shadow/Artwork,0,0,82,67,1,1,0,0,,,,0,1,1,0,1,,参考图逐页复核；保留节点绑定
1135,loadout:Selected/Slot2/Surface,loadout,Selected/Slot2/Surface,0,0,82,67,1,1,0,0,,,,0,1,1,0,1,window_flat,参考图逐页复核；保留节点绑定
1136,loadout:Selected/Slot2/Surface/Artwork,loadout,Selected/Slot2/Surface/Artwork,0,0,82,67,1,1,0,0,,,,0,1,1,0,1,,参考图逐页复核；保留节点绑定
1137,loadout:Selected/Slot2/Icon,loadout,Selected/Slot2/Icon,0,8.5,46,46,1,1,0,0,,,,0,1,1,0,1,,参考图逐页复核；保留节点绑定
1138,loadout:Selected/Slot2/Name,loadout,Selected/Slot2/Name,0,-21.5,78,22,1,1,12,18,Microsoft YaHei,#5c3020,,0,1,1,2,1,,参考图逐页复核；保留节点绑定
1139,loadout:Selected/Slot3,loadout,Selected/Slot3,129,0,82,67,1,1,0,0,,,,0,1,1,0,1,,参考图逐页复核；保留节点绑定
1140,loadout:Selected/Slot3/Shadow,loadout,Selected/Slot3/Shadow,0,-4,82,67,1,1,0,0,,,,0,1,1,0,0,window_flat,参考图逐页复核；保留节点绑定
1141,loadout:Selected/Slot3/Shadow/Artwork,loadout,Selected/Slot3/Shadow/Artwork,0,0,82,67,1,1,0,0,,,,0,1,1,0,1,,参考图逐页复核；保留节点绑定
1142,loadout:Selected/Slot3/Surface,loadout,Selected/Slot3/Surface,0,0,82,67,1,1,0,0,,,,0,1,1,0,1,window_flat,参考图逐页复核；保留节点绑定
1143,loadout:Selected/Slot3/Surface/Artwork,loadout,Selected/Slot3/Surface/Artwork,0,0,82,67,1,1,0,0,,,,0,1,1,0,1,,参考图逐页复核；保留节点绑定
1144,loadout:Selected/Slot3/Icon,loadout,Selected/Slot3/Icon,0,8.5,46,46,1,1,0,0,,,,0,1,1,0,1,,参考图逐页复核；保留节点绑定
1145,loadout:Selected/Slot3/Name,loadout,Selected/Slot3/Name,0,-21.5,78,22,1,1,12,18,Microsoft YaHei,#5c3020,,0,1,1,2,1,,参考图逐页复核；保留节点绑定
1146,loadout:Map,loadout,Map,-100,194.83999999999997,144,112,1,1,0,0,,,,0,1,1,0,0,,参考图逐页复核；保留节点绑定
1147,loadout:Map/Thumbnail,loadout,Map/Thumbnail,0,0,144,112,1,1,0,0,,,,0,1,1,0,1,courtyard_ground,参考图逐页复核；保留节点绑定
1148,loadout:Map/Thumbnail/Artwork,loadout,Map/Thumbnail/Artwork,0,0,144,112,1,1,0,0,,,,0,1,1,0,1,,参考图逐页复核；保留节点绑定
1149,loadout:Map/Route,loadout,Map/Route,0,0,144,112,1,1,0,0,,,,0,1,1,0,1,,参考图逐页复核；保留节点绑定
1150,loadout:Map/Route/Projection,loadout,Map/Route/Projection,-41,74,0,0,0.205,-0.205,0,0,,,,0,1,1,0,1,,参考图逐页复核；保留节点绑定
1151,loadout:Map/Route/ShopMarker,loadout,Map/Route/ShopMarker,0,0,0,0,1,1,0,0,,,,0,1,1,0,1,,参考图逐页复核；保留节点绑定
1152,loadout:Map/Route/ShopMarker/Shop,loadout,Map/Route/ShopMarker/Shop,0,4,32,32,1,1,0,0,,,,0,1,1,0,1,,参考图逐页复核；保留节点绑定
1153,loadout:Boss,loadout,Boss,70,163.83999999999997,202,52,1,1,12,18,Microsoft YaHei,#5c3020,,0,1,1,2,0,,参考图逐页复核；保留节点绑定
1154,loadout:Enemies,loadout,Enemies,0,78.83999999999997,340,88,1,1,0,0,,,,0,1,1,0,0,,参考图逐页复核；保留节点绑定
1155,loadout:Enemies/Slot0,loadout,Enemies/Slot0,-127.5,22,34,61,1,1,0,0,,,,0,1,1,0,1,,参考图逐页复核；保留节点绑定
1156,loadout:Enemies/Slot0/Icon,loadout,Enemies/Slot0/Icon,-25,0,34,34,1,1,0,0,,,,0,1,1,0,1,,参考图逐页复核；保留节点绑定
1157,loadout:Enemies/Slot0/Name,loadout,Enemies/Slot0/Name,17,0,48,40,1,1,11,15,Microsoft YaHei,#5c3020,,0,1,1,2,1,,参考图逐页复核；保留节点绑定
1158,loadout:Enemies/Slot1,loadout,Enemies/Slot1,-42.5,22,34,61,1,1,0,0,,,,0,1,1,0,1,,参考图逐页复核；保留节点绑定
1159,loadout:Enemies/Slot1/Icon,loadout,Enemies/Slot1/Icon,-25,0,34,34,1,1,0,0,,,,0,1,1,0,1,,参考图逐页复核；保留节点绑定
1160,loadout:Enemies/Slot1/Name,loadout,Enemies/Slot1/Name,17,0,48,40,1,1,11,15,Microsoft YaHei,#5c3020,,0,1,1,2,1,,参考图逐页复核；保留节点绑定
1161,loadout:Enemies/Slot2,loadout,Enemies/Slot2,42.5,22,34,61,1,1,0,0,,,,0,1,1,0,1,,参考图逐页复核；保留节点绑定
1162,loadout:Enemies/Slot2/Icon,loadout,Enemies/Slot2/Icon,-25,0,34,34,1,1,0,0,,,,0,1,1,0,1,,参考图逐页复核；保留节点绑定
1163,loadout:Enemies/Slot2/Name,loadout,Enemies/Slot2/Name,17,0,48,40,1,1,11,15,Microsoft YaHei,#5c3020,,0,1,1,2,1,,参考图逐页复核；保留节点绑定
1164,loadout:Enemies/Slot3,loadout,Enemies/Slot3,127.5,22,34,61,1,1,0,0,,,,0,1,1,0,1,,参考图逐页复核；保留节点绑定
1165,loadout:Enemies/Slot3/Icon,loadout,Enemies/Slot3/Icon,-25,0,34,34,1,1,0,0,,,,0,1,1,0,1,,参考图逐页复核；保留节点绑定
1166,loadout:Enemies/Slot3/Name,loadout,Enemies/Slot3/Name,17,0,48,40,1,1,11,15,Microsoft YaHei,#5c3020,,0,1,1,2,1,,参考图逐页复核；保留节点绑定
1167,loadout:Enemies/Slot4,loadout,Enemies/Slot4,-127.5,-22,34,61,1,1,0,0,,,,0,1,1,0,1,,参考图逐页复核；保留节点绑定
1168,loadout:Enemies/Slot4/Icon,loadout,Enemies/Slot4/Icon,-25,0,34,34,1,1,0,0,,,,0,1,1,0,1,,参考图逐页复核；保留节点绑定
1169,loadout:Enemies/Slot4/Name,loadout,Enemies/Slot4/Name,17,0,48,40,1,1,11,15,Microsoft YaHei,#5c3020,,0,1,1,2,1,,参考图逐页复核；保留节点绑定
1170,loadout:Enemies/Slot5,loadout,Enemies/Slot5,-42.5,-22,34,61,1,1,0,0,,,,0,1,1,0,1,,参考图逐页复核；保留节点绑定
1171,loadout:Enemies/Slot5/Icon,loadout,Enemies/Slot5/Icon,-25,0,34,34,1,1,0,0,,,,0,1,1,0,1,,参考图逐页复核；保留节点绑定
1172,loadout:Enemies/Slot5/Name,loadout,Enemies/Slot5/Name,17,0,48,40,1,1,11,15,Microsoft YaHei,#5c3020,,0,1,1,2,1,,参考图逐页复核；保留节点绑定
1173,loadout:Enemies/Slot6,loadout,Enemies/Slot6,42.5,-22,34,61,1,1,0,0,,,,0,1,1,0,1,,参考图逐页复核；保留节点绑定
1174,loadout:Enemies/Slot6/Icon,loadout,Enemies/Slot6/Icon,-25,0,34,34,1,1,0,0,,,,0,1,1,0,1,,参考图逐页复核；保留节点绑定
1175,loadout:Enemies/Slot6/Name,loadout,Enemies/Slot6/Name,17,0,48,40,1,1,11,15,Microsoft YaHei,#5c3020,,0,1,1,2,1,,参考图逐页复核；保留节点绑定
1176,loadout:Enemies/Slot7,loadout,Enemies/Slot7,127.5,-22,34,61,1,1,0,0,,,,0,1,1,0,1,,参考图逐页复核；保留节点绑定
1177,loadout:Enemies/Slot7/Icon,loadout,Enemies/Slot7/Icon,-25,0,34,34,1,1,0,0,,,,0,1,1,0,1,,参考图逐页复核；保留节点绑定
1178,loadout:Enemies/Slot7/Name,loadout,Enemies/Slot7/Name,17,0,48,40,1,1,11,15,Microsoft YaHei,#5c3020,,0,1,1,2,1,,参考图逐页复核；保留节点绑定
1179,loadout:Enemies/Slot8,loadout,Enemies/Slot8,-127.5,-66,34,61,1,1,0,0,,,,0,1,1,0,1,,参考图逐页复核；保留节点绑定
1180,loadout:Enemies/Slot8/Icon,loadout,Enemies/Slot8/Icon,-25,0,34,34,1,1,0,0,,,,0,1,1,0,1,,参考图逐页复核；保留节点绑定
1181,loadout:Enemies/Slot8/Name,loadout,Enemies/Slot8/Name,17,0,48,40,1,1,11,15,Microsoft YaHei,#5c3020,,0,1,1,2,1,,参考图逐页复核；保留节点绑定
1182,loadout:Enemies/Slot9,loadout,Enemies/Slot9,-42.5,-66,34,61,1,1,0,0,,,,0,1,1,0,1,,参考图逐页复核；保留节点绑定
1183,loadout:Enemies/Slot9/Icon,loadout,Enemies/Slot9/Icon,-25,0,34,34,1,1,0,0,,,,0,1,1,0,1,,参考图逐页复核；保留节点绑定
1184,loadout:Enemies/Slot9/Name,loadout,Enemies/Slot9/Name,17,0,48,40,1,1,11,15,Microsoft YaHei,#5c3020,,0,1,1,2,1,,参考图逐页复核；保留节点绑定
1185,loadout:Hint,loadout,Hint,0,-176,330,24,1,1,12,16,Microsoft YaHei,#797363,,0,1,1,2,1,,参考图逐页复核；保留节点绑定
1186,loadout:Candidates,loadout,Candidates,0,-19,353,265,1,1,0,0,,,,0,1,1,0,1,,参考图逐页复核；保留节点绑定
1187,loadout:Candidates/Slot0,loadout,Candidates/Slot0,-130.5,64,84,122,1,1,0,0,,,,0,1,1,0,1,,参考图逐页复核；保留节点绑定
1188,loadout:Candidates/Slot1,loadout,Candidates/Slot1,-43.5,64,84,122,1,1,0,0,,,,0,1,1,0,1,,参考图逐页复核；保留节点绑定
1189,loadout:Candidates/Slot2,loadout,Candidates/Slot2,43.5,64,84,122,1,1,0,0,,,,0,1,1,0,1,,参考图逐页复核；保留节点绑定
1190,loadout:Candidates/Slot3,loadout,Candidates/Slot3,130.5,64,84,122,1,1,0,0,,,,0,1,1,0,1,,参考图逐页复核；保留节点绑定
1191,loadout:Candidates/Slot4,loadout,Candidates/Slot4,-130.5,-64,84,122,1,1,0,0,,,,0,1,1,0,1,,参考图逐页复核；保留节点绑定
1192,loadout:Candidates/Slot5,loadout,Candidates/Slot5,-43.5,-64,84,122,1,1,0,0,,,,0,1,1,0,1,,参考图逐页复核；保留节点绑定
1193,loadout:Candidates/Slot6,loadout,Candidates/Slot6,43.5,-64,84,122,1,1,0,0,,,,0,1,1,0,1,,参考图逐页复核；保留节点绑定
1194,loadout:Candidates/Slot7,loadout,Candidates/Slot7,130.5,-64,84,122,1,1,0,0,,,,0,1,1,0,1,,参考图逐页复核；保留节点绑定
1195,loadout:Title,loadout,Title,-7,197,195,43,1,1,25,29,Microsoft YaHei,#4c1c12,#ffffff,2,1,1,2,1,,参考图逐页复核；保留节点绑定
1196,loadout:LevelTitle,loadout,LevelTitle,70,237.83999999999997,207,32,1,1,18,24,Microsoft YaHei,#5c3020,,0,1,1,2,0,,参考图逐页复核；保留节点绑定
1197,loadout:Stats,loadout,Stats,70,205.83999999999997,207,38,1,1,13,19,Microsoft YaHei,#5c3020,,0,1,1,2,0,,参考图逐页复核；保留节点绑定
1198,loadout:EnemyTitle,loadout,EnemyTitle,-103,131.83999999999997,135,25,1,1,14,20,Microsoft YaHei,#5c3020,,0,1,1,2,0,,参考图逐页复核；保留节点绑定
1199,loadout:SelectedTitle,loadout,SelectedTitle,-73,118,197,29,1,1,19,23,Microsoft YaHei,#075b44,,0,1,1,2,1,,参考图逐页复核；保留节点绑定
1200,loadout:Back,loadout,Back,169,145,38,38,1,1,0,0,,,,0,1,1,0,1,,参考图逐页复核；保留节点绑定
1201,loadout:Back/Shadow,loadout,Back/Shadow,0,-4,52,48,1,1,0,0,,,,0,1,1,0,0,window_flat,参考图逐页复核；保留节点绑定
1202,loadout:Back/Shadow/Artwork,loadout,Back/Shadow/Artwork,0,0,52,48,1,1,0,0,,,,0,1,1,0,1,,参考图逐页复核；保留节点绑定
1203,loadout:Back/Surface,loadout,Back/Surface,0,0,52,48,1,1,0,0,,,,0,1,1,0,0,button_green,参考图逐页复核；保留节点绑定
1204,loadout:Back/Surface/Artwork,loadout,Back/Surface/Artwork,0,0,52,48,1,1,0,0,,,,0,1,1,0,1,,参考图逐页复核；保留节点绑定
1205,loadout:Back/Disabled,loadout,Back/Disabled,0,0,52,48,1,1,0,0,,,,0,1,1,0,0,button_disabled,参考图逐页复核；保留节点绑定
1206,loadout:Back/Disabled/Artwork,loadout,Back/Disabled/Artwork,0,0,52,48,1,1,0,0,,,,0,1,1,0,1,,参考图逐页复核；保留节点绑定
1207,loadout:Back/Cross,loadout,Back/Cross,0,0,40,40,1,1,0,0,,,,0,1,1,0,1,close_red,参考图逐页复核；保留节点绑定
1208,loadout:Back/Cross/Artwork,loadout,Back/Cross/Artwork,0,0,40,40,1,1,0,0,,,,0,1,1,0,1,,参考图逐页复核；保留节点绑定
1209,loadout:Back/Text,loadout,Back/Text,0,0,44,44,1,1,15,21,Microsoft YaHei,#5c3020,,0,1,1,2,0,,参考图逐页复核；保留节点绑定
1210,loadout:Default,loadout,Default,117,118,98,31,1,1,0,0,,,,0,1,1,0,1,,参考图逐页复核；保留节点绑定
1211,loadout:Default/Shadow,loadout,Default/Shadow,0,-4,96,28,1,1,0,0,,,,0,1,1,0,0,window_flat,参考图逐页复核；保留节点绑定
1212,loadout:Default/Shadow/Artwork,loadout,Default/Shadow/Artwork,0,0,96,28,1,1,0,0,,,,0,1,1,0,1,,参考图逐页复核；保留节点绑定
1213,loadout:Default/Surface,loadout,Default/Surface,0,0,98,31,1,1,0,0,,,,0,1,1,0,1,mint_pill,参考图逐页复核；保留节点绑定
1214,loadout:Default/Surface/Artwork,loadout,Default/Surface/Artwork,0,0,96,28,1,1,0,0,,,,0,1,1,0,1,,参考图逐页复核；保留节点绑定
1215,loadout:Default/Disabled,loadout,Default/Disabled,0,0,98,31,1,1,0,0,,,,0,1,1,0,0,button_disabled,参考图逐页复核；保留节点绑定
1216,loadout:Default/Disabled/Artwork,loadout,Default/Disabled/Artwork,0,0,96,28,1,1,0,0,,,,0,1,1,0,1,,参考图逐页复核；保留节点绑定
1217,loadout:Default/Text,loadout,Default/Text,0,0,95,28,1,1,14,18,Microsoft YaHei,#344e35,,0,1,1,2,1,,参考图逐页复核；保留节点绑定
1218,loadout:Start,loadout,Start,0,-226,231,54,1,1,0,0,,,,0,1,1,0,1,,参考图逐页复核；保留节点绑定
1219,loadout:Start/Shadow,loadout,Start/Shadow,0,-4,212,42,1,1,0,0,,,,0,1,1,0,0,window_flat,参考图逐页复核；保留节点绑定
1220,loadout:Start/Shadow/Artwork,loadout,Start/Shadow/Artwork,0,0,212,42,1,1,0,0,,,,0,1,1,0,1,,参考图逐页复核；保留节点绑定
1221,loadout:Start/Surface,loadout,Start/Surface,0,0,231,54,1,1,0,0,,,,0,1,1,0,1,button_gold,参考图逐页复核；保留节点绑定
1222,loadout:Start/Surface/Artwork,loadout,Start/Surface/Artwork,0,0,212,42,1,1,0,0,,,,0,1,1,0,1,,参考图逐页复核；保留节点绑定
1223,loadout:Start/Disabled,loadout,Start/Disabled,0,0,231,54,1,1,0,0,,,,0,1,1,0,0,button_disabled,参考图逐页复核；保留节点绑定
1224,loadout:Start/Disabled/Artwork,loadout,Start/Disabled/Artwork,0,0,212,42,1,1,0,0,,,,0,1,1,0,1,,参考图逐页复核；保留节点绑定
1225,loadout:Start/Text,loadout,Start/Text,0,0,217,45,1,1,28,32,Microsoft YaHei,#4c1c12,,0,1,1,2,1,,参考图逐页复核；保留节点绑定
1226,loadout_card:root,loadout_card,@,0,0,84,117,1,1,0,0,,,,0,1,1,0,1,,参考图逐页复核；保留节点绑定
1227,loadout_card:Panel,loadout_card,Panel,0,0,82,84,1,1,0,0,,,,0,1,1,0,0,,参考图逐页复核；保留节点绑定
1228,loadout_card:Panel/Shadow,loadout_card,Panel/Shadow,0,-4,82,84,1,1,0,0,,,,0,1,1,0,0,window_flat,参考图逐页复核；保留节点绑定
1229,loadout_card:Panel/Shadow/Artwork,loadout_card,Panel/Shadow/Artwork,0,0,82,84,1,1,0,0,,,,0,1,1,0,1,,参考图逐页复核；保留节点绑定
1230,loadout_card:Panel/Surface,loadout_card,Panel/Surface,0,0,82,84,1,1,0,0,,,,0,1,1,0,1,window_flat,参考图逐页复核；保留节点绑定
1231,loadout_card:Panel/Surface/Artwork,loadout_card,Panel/Surface/Artwork,0,0,82,84,1,1,0,0,,,,0,1,1,0,1,,参考图逐页复核；保留节点绑定
1232,loadout_card:Circle,loadout_card,Circle,0,19,82,82,1,1,0,0,,,,0,1,1,0,1,portrait_normal,参考图逐页复核；保留节点绑定
1233,loadout_card:Circle/Artwork,loadout_card,Circle/Artwork,0,0,82,82,1,1,0,0,,,,0,1,1,0,1,,参考图逐页复核；保留节点绑定
1234,loadout_card:Selected,loadout_card,Selected,26,-8,24,24,1,1,0,0,,,,0,1,1,0,1,icon_check,参考图逐页复核；保留节点绑定
1235,loadout_card:Selected/Artwork,loadout_card,Selected/Artwork,0,0,84,86,1,1,0,0,,,,0,1,1,0,1,,参考图逐页复核；保留节点绑定
1236,loadout_card:Icon,loadout_card,Icon,0,19,74,74,1,1,0,0,,,,0,1,1,0,1,disc,参考图逐页复核；保留节点绑定
1237,loadout_card:Info,loadout_card,Info,26,24.5,24,29,1,1,0,0,,,,0,1,1,0,0,,参考图逐页复核；保留节点绑定
1238,loadout_card:Info/Shadow,loadout_card,Info/Shadow,0,-4,24,29,1,1,0,0,,,,0,1,1,0,0,round_12,参考图逐页复核；保留节点绑定
1239,loadout_card:Info/Shadow/Artwork,loadout_card,Info/Shadow/Artwork,0,0,24,29,1,1,0,0,,,,0,1,1,0,1,,参考图逐页复核；保留节点绑定
1240,loadout_card:Info/Surface,loadout_card,Info/Surface,0,0,24,29,1,1,0,0,,,,0,1,1,0,1,round_12,参考图逐页复核；保留节点绑定
1241,loadout_card:Info/Surface/Artwork,loadout_card,Info/Surface/Artwork,0,0,24,29,1,1,0,0,,,,0,1,1,0,1,,参考图逐页复核；保留节点绑定
1242,loadout_card:Info/Disabled,loadout_card,Info/Disabled,0,0,24,29,1,1,0,0,,,,0,1,1,0,0,round_12,参考图逐页复核；保留节点绑定
1243,loadout_card:Info/Disabled/Artwork,loadout_card,Info/Disabled/Artwork,0,0,24,29,1,1,0,0,,,,0,1,1,0,1,,参考图逐页复核；保留节点绑定
1244,loadout_card:Info/Text,loadout_card,Info/Text,0,0,16,25,1,1,14,20,Microsoft YaHei,#5c3020,,0,1,1,2,1,,参考图逐页复核；保留节点绑定
1245,loadout_card:Name,loadout_card,Name,0,-34,84,24,1,1,17,21,Microsoft YaHei,#075b44,,0,1,1,2,1,,参考图逐页复核；保留节点绑定
1246,loadout_card:Role,loadout_card,Role,0,-56,84,24,1,1,12,16,Microsoft YaHei,#665b43,,0,1,1,2,1,,参考图逐页复核；保留节点绑定
1247,loadout_card:SelectedRing,loadout_card,SelectedRing,0,19,82,82,1,1,0,0,,,,0,1,1,0,1,portrait_selected,参考图逐页复核；保留节点绑定
1248,loadout_card:SelectedRing/Artwork,loadout_card,SelectedRing/Artwork,0,0,82,82,1,1,0,0,,,,0,1,1,0,1,,参考图逐页复核；保留节点绑定
1249,lose:root,lose,@,0,0,390,693.68,1,1,0,0,,,,0,1,1,0,1,,参考图逐页复核；保留节点绑定
1250,lose:Dim,lose,Dim,0,0,390,693.68,1,1,0,0,,,,0,1,1,0,1,round_0,参考图逐页复核；保留节点绑定
1251,lose:Dim/Artwork,lose,Dim/Artwork,0,0,390,693.68,1,1,0,0,,,,0,1,1,0,1,,参考图逐页复核；保留节点绑定
1252,lose:Panel,lose,Panel,0,-44.160000000000025,318,430,1,1,0,0,,,,0,1,1,0,1,,参考图逐页复核；保留节点绑定
1253,lose:Panel/Shadow,lose,Panel/Shadow,0,-3,318,430,1,1,0,0,,,,0,1,1,0,0,window_flat,参考图逐页复核；保留节点绑定
1254,lose:Panel/Shadow/Artwork,lose,Panel/Shadow/Artwork,0,0,318,430,1,1,0,0,,,,0,1,1,0,1,,参考图逐页复核；保留节点绑定
1255,lose:Panel/Surface,lose,Panel/Surface,0,0,318,430,1,1,0,0,,,,0,1,1,0,1,window_flat,参考图逐页复核；保留节点绑定
1256,lose:Panel/Surface/Artwork,lose,Panel/Surface/Artwork,0,0,318,430,1,1,0,0,,,,0,1,1,0,1,,参考图逐页复核；保留节点绑定
1257,lose:Panel/Outline,lose,Panel/Outline,0,0,318,430,1,1,0,0,,,,0,1,1,0,0,outline_26_1p8,参考图逐页复核；保留节点绑定
1258,lose:Panel/Outline/Artwork,lose,Panel/Outline/Artwork,0,0,322,434,1,1,0,0,,,,0,1,1,0,1,,参考图逐页复核；保留节点绑定
1259,lose:Panel/Highlight,lose,Panel/Highlight,0,211,266,2,1,1,0,0,,,,0,1,1,0,0,shape_68dd104b57,参考图逐页复核；保留节点绑定
1260,lose:Panel/Highlight/Artwork,lose,Panel/Highlight/Artwork,0,0,272,8,1,1,0,0,,,,0,1,1,0,1,,参考图逐页复核；保留节点绑定
1261,lose:Awning0,lose,Awning0,-116.44444444444444,160.83999999999997,29.11111111111111,12,1,1,0,0,,,,0,1,1,0,0,round_4,参考图逐页复核；保留节点绑定
1262,lose:Awning0/Artwork,lose,Awning0/Artwork,0,0,29.11111111111111,12,1,1,0,0,,,,0,1,1,0,1,,参考图逐页复核；保留节点绑定
1263,lose:Awning1,lose,Awning1,-87.33333333333333,160.83999999999997,29.11111111111111,12,1,1,0,0,,,,0,1,1,0,0,round_4,参考图逐页复核；保留节点绑定
1264,lose:Awning1/Artwork,lose,Awning1/Artwork,0,0,29.11111111111111,12,1,1,0,0,,,,0,1,1,0,1,,参考图逐页复核；保留节点绑定
1265,lose:Awning2,lose,Awning2,-58.22222222222223,160.83999999999997,29.11111111111111,12,1,1,0,0,,,,0,1,1,0,0,round_4,参考图逐页复核；保留节点绑定
1266,lose:Awning2/Artwork,lose,Awning2/Artwork,0,0,29.11111111111111,12,1,1,0,0,,,,0,1,1,0,1,,参考图逐页复核；保留节点绑定
1267,lose:Awning3,lose,Awning3,-29.111111111111143,160.83999999999997,29.11111111111111,12,1,1,0,0,,,,0,1,1,0,0,round_4,参考图逐页复核；保留节点绑定
1268,lose:Awning3/Artwork,lose,Awning3/Artwork,0,0,29.11111111111111,12,1,1,0,0,,,,0,1,1,0,1,,参考图逐页复核；保留节点绑定
1269,lose:Awning4,lose,Awning4,0,160.83999999999997,29.11111111111111,12,1,1,0,0,,,,0,1,1,0,0,round_4,参考图逐页复核；保留节点绑定
1270,lose:Awning4/Artwork,lose,Awning4/Artwork,0,0,29.11111111111111,12,1,1,0,0,,,,0,1,1,0,1,,参考图逐页复核；保留节点绑定
1271,lose:Awning5,lose,Awning5,29.111111111111086,160.83999999999997,29.11111111111111,12,1,1,0,0,,,,0,1,1,0,0,round_4,参考图逐页复核；保留节点绑定
1272,lose:Awning5/Artwork,lose,Awning5/Artwork,0,0,29.11111111111111,12,1,1,0,0,,,,0,1,1,0,1,,参考图逐页复核；保留节点绑定
1273,lose:Awning6,lose,Awning6,58.2222222222222,160.83999999999997,29.11111111111111,12,1,1,0,0,,,,0,1,1,0,0,round_4,参考图逐页复核；保留节点绑定
1274,lose:Awning6/Artwork,lose,Awning6/Artwork,0,0,29.11111111111111,12,1,1,0,0,,,,0,1,1,0,1,,参考图逐页复核；保留节点绑定
1275,lose:Awning7,lose,Awning7,87.33333333333331,160.83999999999997,29.11111111111111,12,1,1,0,0,,,,0,1,1,0,0,round_4,参考图逐页复核；保留节点绑定
1276,lose:Awning7/Artwork,lose,Awning7/Artwork,0,0,29.11111111111111,12,1,1,0,0,,,,0,1,1,0,1,,参考图逐页复核；保留节点绑定
1277,lose:Awning8,lose,Awning8,116.44444444444446,160.83999999999997,29.11111111111111,12,1,1,0,0,,,,0,1,1,0,0,round_4,参考图逐页复核；保留节点绑定
1278,lose:Awning8/Artwork,lose,Awning8/Artwork,0,0,29.11111111111111,12,1,1,0,0,,,,0,1,1,0,1,,参考图逐页复核；保留节点绑定
1279,lose:Seal,lose,Seal,0,121.83999999999997,80,80,1,1,0,0,,,,0,1,1,0,1,disc,参考图逐页复核；保留节点绑定
1280,lose:Seal/Artwork,lose,Seal/Artwork,0,0,80,80,1,1,0,0,,,,0,1,1,0,1,,参考图逐页复核；保留节点绑定
1281,lose:Shop,lose,Shop,0,120.83999999999997,50,42,1,1,0,0,,,,0,1,1,0,1,,参考图逐页复核；保留节点绑定
1282,lose:Shop/Body,lose,Shop/Body,0,-2,46,38,1,1,0,0,,,,0,1,1,0,1,,参考图逐页复核；保留节点绑定
1283,lose:Shop/Body/Shadow,lose,Shop/Body/Shadow,0,-3,46,38,1,1,0,0,,,,0,1,1,0,0,window_flat,参考图逐页复核；保留节点绑定
1284,lose:Shop/Body/Shadow/Artwork,lose,Shop/Body/Shadow/Artwork,0,0,46,38,1,1,0,0,,,,0,1,1,0,1,,参考图逐页复核；保留节点绑定
1285,lose:Shop/Body/Surface,lose,Shop/Body/Surface,0,0,46,38,1,1,0,0,,,,0,1,1,0,1,window_flat,参考图逐页复核；保留节点绑定
1286,lose:Shop/Body/Surface/Artwork,lose,Shop/Body/Surface/Artwork,0,0,46,38,1,1,0,0,,,,0,1,1,0,1,,参考图逐页复核；保留节点绑定
1287,lose:Shop/Body/Outline,lose,Shop/Body/Outline,0,0,46,38,1,1,0,0,,,,0,1,1,0,0,outline_5_1p8,参考图逐页复核；保留节点绑定
1288,lose:Shop/Body/Outline/Artwork,lose,Shop/Body/Outline/Artwork,0,0,50,42,1,1,0,0,,,,0,1,1,0,1,,参考图逐页复核；保留节点绑定
1289,lose:Shop/Body/Highlight,lose,Shop/Body/Highlight,0,15,36,2,1,1,0,0,,,,0,1,1,0,0,shape_7c9f638f0a,参考图逐页复核；保留节点绑定
1290,lose:Shop/Body/Highlight/Artwork,lose,Shop/Body/Highlight/Artwork,0,0,42,8,1,1,0,0,,,,0,1,1,0,1,,参考图逐页复核；保留节点绑定
1291,lose:Shop/Door,lose,Shop/Door,-8,-10,16,22,1,1,0,0,,,,0,1,1,0,1,round_2,参考图逐页复核；保留节点绑定
1292,lose:Shop/Door/Artwork,lose,Shop/Door/Artwork,0,0,16,22,1,1,0,0,,,,0,1,1,0,1,,参考图逐页复核；保留节点绑定
1293,lose:Shop/Window,lose,Shop/Window,12,-6.5,12,13,1,1,0,0,,,,0,1,1,0,1,round_2,参考图逐页复核；保留节点绑定
1294,lose:Shop/Window/Artwork,lose,Shop/Window/Artwork,0,0,12,13,1,1,0,0,,,,0,1,1,0,1,,参考图逐页复核；保留节点绑定
1295,lose:Shop/Awning0,lose,Shop/Awning0,-20,14,10,14,1,1,0,0,,,,0,1,1,0,0,round_3,参考图逐页复核；保留节点绑定
1296,lose:Shop/Awning0/Artwork,lose,Shop/Awning0/Artwork,0,0,10,14,1,1,0,0,,,,0,1,1,0,1,,参考图逐页复核；保留节点绑定
1297,lose:Shop/Awning1,lose,Shop/Awning1,-10,14,10,14,1,1,0,0,,,,0,1,1,0,0,round_3,参考图逐页复核；保留节点绑定
1298,lose:Shop/Awning1/Artwork,lose,Shop/Awning1/Artwork,0,0,10,14,1,1,0,0,,,,0,1,1,0,1,,参考图逐页复核；保留节点绑定
1299,lose:Shop/Awning2,lose,Shop/Awning2,0,14,10,14,1,1,0,0,,,,0,1,1,0,0,round_3,参考图逐页复核；保留节点绑定
1300,lose:Shop/Awning2/Artwork,lose,Shop/Awning2/Artwork,0,0,10,14,1,1,0,0,,,,0,1,1,0,1,,参考图逐页复核；保留节点绑定
1301,lose:Shop/Awning3,lose,Shop/Awning3,10,14,10,14,1,1,0,0,,,,0,1,1,0,0,round_3,参考图逐页复核；保留节点绑定
1302,lose:Shop/Awning3/Artwork,lose,Shop/Awning3/Artwork,0,0,10,14,1,1,0,0,,,,0,1,1,0,1,,参考图逐页复核；保留节点绑定
1303,lose:Shop/Awning4,lose,Shop/Awning4,20,14,10,14,1,1,0,0,,,,0,1,1,0,0,round_3,参考图逐页复核；保留节点绑定
1304,lose:Shop/Awning4/Artwork,lose,Shop/Awning4/Artwork,0,0,10,14,1,1,0,0,,,,0,1,1,0,1,,参考图逐页复核；保留节点绑定
1305,lose:Shop/Handle,lose,Shop/Handle,-3,-11,3,3,1,1,0,0,,,,0,1,1,0,1,disc,参考图逐页复核；保留节点绑定
1306,lose:Shop/Handle/Artwork,lose,Shop/Handle/Artwork,0,0,3,3,1,1,0,0,,,,0,1,1,0,1,,参考图逐页复核；保留节点绑定
1307,lose:overlayTitle,lose,overlayTitle,0,62.839999999999975,286,45,1,1,27,31,Microsoft YaHei,#5c3020,,0,1,1,2,1,,参考图逐页复核；保留节点绑定
1308,lose:overlayStats,lose,overlayStats,0,6.839999999999975,270,58,1,1,14,18,Microsoft YaHei,#5c3020,,0,1,1,2,1,,参考图逐页复核；保留节点绑定
1309,lose:overlayNote,lose,overlayNote,0,-107.16000000000003,270,24,1,1,13,17,Microsoft YaHei,#5c3020,,0,1,1,2,1,,参考图逐页复核；保留节点绑定
1310,lose:Primary,lose,Primary,0,-65.16000000000003,246,48,1,1,0,0,,,,0,1,1,0,1,,参考图逐页复核；保留节点绑定
1311,lose:Primary/Shadow,lose,Primary/Shadow,0,-3,246,48,1,1,0,0,,,,0,1,1,0,0,window_flat,参考图逐页复核；保留节点绑定
1312,lose:Primary/Shadow/Artwork,lose,Primary/Shadow/Artwork,0,0,246,48,1,1,0,0,,,,0,1,1,0,1,,参考图逐页复核；保留节点绑定
1313,lose:Primary/Surface,lose,Primary/Surface,0,0,246,48,1,1,0,0,,,,0,1,1,0,1,button_gold,参考图逐页复核；保留节点绑定
1314,lose:Primary/Surface/Artwork,lose,Primary/Surface/Artwork,0,0,246,48,1,1,0,0,,,,0,1,1,0,1,,参考图逐页复核；保留节点绑定
1315,lose:Primary/Outline,lose,Primary/Outline,0,0,246,48,1,1,0,0,,,,0,1,1,0,0,outline_14_1p8,参考图逐页复核；保留节点绑定
1316,lose:Primary/Outline/Artwork,lose,Primary/Outline/Artwork,0,0,250,52,1,1,0,0,,,,0,1,1,0,1,,参考图逐页复核；保留节点绑定
1317,lose:Primary/Highlight,lose,Primary/Highlight,0,20,218,2,1,1,0,0,,,,0,1,1,0,0,shape_f3936d303b,参考图逐页复核；保留节点绑定
1318,lose:Primary/Highlight/Artwork,lose,Primary/Highlight/Artwork,0,0,224,8,1,1,0,0,,,,0,1,1,0,1,,参考图逐页复核；保留节点绑定
1319,lose:Primary/Disabled,lose,Primary/Disabled,0,0,246,48,1,1,0,0,,,,0,1,1,0,0,button_disabled,参考图逐页复核；保留节点绑定
1320,lose:Primary/Disabled/Artwork,lose,Primary/Disabled/Artwork,0,0,246,48,1,1,0,0,,,,0,1,1,0,1,,参考图逐页复核；保留节点绑定
1321,lose:Primary/overlayPrimary,lose,Primary/overlayPrimary,0,0,238,44,1,1,17,21,Microsoft YaHei,#5c3020,,0,1,1,2,1,,参考图逐页复核；保留节点绑定
1322,lose:Secondary,lose,Secondary,0,-151.16000000000003,246,48,1,1,0,0,,,,0,1,1,0,1,,参考图逐页复核；保留节点绑定
1323,lose:Secondary/Shadow,lose,Secondary/Shadow,0,-3,246,48,1,1,0,0,,,,0,1,1,0,0,window_flat,参考图逐页复核；保留节点绑定
1324,lose:Secondary/Shadow/Artwork,lose,Secondary/Shadow/Artwork,0,0,246,48,1,1,0,0,,,,0,1,1,0,1,,参考图逐页复核；保留节点绑定
1325,lose:Secondary/Surface,lose,Secondary/Surface,0,0,246,48,1,1,0,0,,,,0,1,1,0,1,button_green,参考图逐页复核；保留节点绑定
1326,lose:Secondary/Surface/Artwork,lose,Secondary/Surface/Artwork,0,0,246,48,1,1,0,0,,,,0,1,1,0,1,,参考图逐页复核；保留节点绑定
1327,lose:Secondary/Outline,lose,Secondary/Outline,0,0,246,48,1,1,0,0,,,,0,1,1,0,0,outline_14_1p8,参考图逐页复核；保留节点绑定
1328,lose:Secondary/Outline/Artwork,lose,Secondary/Outline/Artwork,0,0,250,52,1,1,0,0,,,,0,1,1,0,1,,参考图逐页复核；保留节点绑定
1329,lose:Secondary/Highlight,lose,Secondary/Highlight,0,20,218,2,1,1,0,0,,,,0,1,1,0,0,shape_f3936d303b,参考图逐页复核；保留节点绑定
1330,lose:Secondary/Highlight/Artwork,lose,Secondary/Highlight/Artwork,0,0,224,8,1,1,0,0,,,,0,1,1,0,1,,参考图逐页复核；保留节点绑定
1331,lose:Secondary/Disabled,lose,Secondary/Disabled,0,0,246,48,1,1,0,0,,,,0,1,1,0,0,button_disabled,参考图逐页复核；保留节点绑定
1332,lose:Secondary/Disabled/Artwork,lose,Secondary/Disabled/Artwork,0,0,246,48,1,1,0,0,,,,0,1,1,0,1,,参考图逐页复核；保留节点绑定
1333,lose:Secondary/overlaySecondary,lose,Secondary/overlaySecondary,0,0,238,44,1,1,17,21,Microsoft YaHei,#5c3020,,0,1,1,2,1,,参考图逐页复核；保留节点绑定
1334,lose:Home,lose,Home,0,-217.16000000000003,246,48,1,1,0,0,,,,0,1,1,0,1,,参考图逐页复核；保留节点绑定
1335,lose:Home/Shadow,lose,Home/Shadow,0,-3,246,48,1,1,0,0,,,,0,1,1,0,0,window_flat,参考图逐页复核；保留节点绑定
1336,lose:Home/Shadow/Artwork,lose,Home/Shadow/Artwork,0,0,246,48,1,1,0,0,,,,0,1,1,0,1,,参考图逐页复核；保留节点绑定
1337,lose:Home/Surface,lose,Home/Surface,0,0,246,48,1,1,0,0,,,,0,1,1,0,1,button_green,参考图逐页复核；保留节点绑定
1338,lose:Home/Surface/Artwork,lose,Home/Surface/Artwork,0,0,246,48,1,1,0,0,,,,0,1,1,0,1,,参考图逐页复核；保留节点绑定
1339,lose:Home/Outline,lose,Home/Outline,0,0,246,48,1,1,0,0,,,,0,1,1,0,0,outline_14_1p8,参考图逐页复核；保留节点绑定
1340,lose:Home/Outline/Artwork,lose,Home/Outline/Artwork,0,0,250,52,1,1,0,0,,,,0,1,1,0,1,,参考图逐页复核；保留节点绑定
1341,lose:Home/Highlight,lose,Home/Highlight,0,20,218,2,1,1,0,0,,,,0,1,1,0,0,shape_f3936d303b,参考图逐页复核；保留节点绑定
1342,lose:Home/Highlight/Artwork,lose,Home/Highlight/Artwork,0,0,224,8,1,1,0,0,,,,0,1,1,0,1,,参考图逐页复核；保留节点绑定
1343,lose:Home/Disabled,lose,Home/Disabled,0,0,246,48,1,1,0,0,,,,0,1,1,0,0,button_disabled,参考图逐页复核；保留节点绑定
1344,lose:Home/Disabled/Artwork,lose,Home/Disabled/Artwork,0,0,246,48,1,1,0,0,,,,0,1,1,0,1,,参考图逐页复核；保留节点绑定
1345,lose:Home/overlayHome,lose,Home/overlayHome,0,0,238,44,1,1,16,20,Microsoft YaHei,#5c3020,,0,1,1,2,1,,参考图逐页复核；保留节点绑定
1346,menu_shell:root,menu_shell,@,0,0,390,693.68,1,1,0,0,,,,0,1,1,0,1,,参考图逐页复核；保留节点绑定
1347,menu_shell:Backdrop,menu_shell,Backdrop,0,0,390,693.68,1,1,0,0,,,,0,1,1,0,1,home_city,参考图逐页复核；保留节点绑定
1348,menu_shell:Backdrop/Artwork,menu_shell,Backdrop/Artwork,0,0,390,693.68,1,1,0,0,,,,0,1,1,0,1,,参考图逐页复核；保留节点绑定
1349,menu_shell:MoonGlow,menu_shell,MoonGlow,141,253.83999999999997,96,96,1,1,0,0,,,,0,1,1,0,0,disc,参考图逐页复核；保留节点绑定
1350,menu_shell:MoonGlow/Artwork,menu_shell,MoonGlow/Artwork,0,0,96,96,1,1,0,0,,,,0,1,1,0,1,,参考图逐页复核；保留节点绑定
1351,menu_shell:Moon,menu_shell,Moon,130,267.84,36,36,1,1,0,0,,,,0,1,1,0,0,disc,参考图逐页复核；保留节点绑定
1352,menu_shell:Moon/Artwork,menu_shell,Moon/Artwork,0,0,36,36,1,1,0,0,,,,0,1,1,0,1,,参考图逐页复核；保留节点绑定
1353,menu_shell:Star0,menu_shell,Star0,-169,235.83999999999997,4,4,1,1,0,0,,,,0,1,1,0,0,disc,参考图逐页复核；保留节点绑定
1354,menu_shell:Star0/Artwork,menu_shell,Star0/Artwork,0,0,4,4,1,1,0,0,,,,0,1,1,0,1,,参考图逐页复核；保留节点绑定
1355,menu_shell:Star1,menu_shell,Star1,-133,298.84,4,4,1,1,0,0,,,,0,1,1,0,0,disc,参考图逐页复核；保留节点绑定
1356,menu_shell:Star1/Artwork,menu_shell,Star1/Artwork,0,0,4,4,1,1,0,0,,,,0,1,1,0,1,,参考图逐页复核；保留节点绑定
1357,menu_shell:Star2,menu_shell,Star2,81,301.84,4,4,1,1,0,0,,,,0,1,1,0,0,disc,参考图逐页复核；保留节点绑定
1358,menu_shell:Star2/Artwork,menu_shell,Star2/Artwork,0,0,4,4,1,1,0,0,,,,0,1,1,0,1,,参考图逐页复核；保留节点绑定
1359,menu_shell:Star3,menu_shell,Star3,155,160.83999999999997,4,4,1,1,0,0,,,,0,1,1,0,0,disc,参考图逐页复核；保留节点绑定
1360,menu_shell:Star3/Artwork,menu_shell,Star3/Artwork,0,0,4,4,1,1,0,0,,,,0,1,1,0,1,,参考图逐页复核；保留节点绑定
1361,menu_shell:Star4,menu_shell,Star4,-156,101.83999999999997,4,4,1,1,0,0,,,,0,1,1,0,0,disc,参考图逐页复核；保留节点绑定
1362,menu_shell:Star4/Artwork,menu_shell,Star4/Artwork,0,0,4,4,1,1,0,0,,,,0,1,1,0,1,,参考图逐页复核；保留节点绑定
1363,menu_shell:Bush0,menu_shell,Bush0,-215,-328.84,128,128,1,1,0,0,,,,0,1,1,0,0,disc,参考图逐页复核；保留节点绑定
1364,menu_shell:Bush0/Artwork,menu_shell,Bush0/Artwork,0,0,128,128,1,1,0,0,,,,0,1,1,0,1,,参考图逐页复核；保留节点绑定
1365,menu_shell:Bush1,menu_shell,Bush1,-143,-328.84,128,128,1,1,0,0,,,,0,1,1,0,0,disc,参考图逐页复核；保留节点绑定
1366,menu_shell:Bush1/Artwork,menu_shell,Bush1/Artwork,0,0,128,128,1,1,0,0,,,,0,1,1,0,1,,参考图逐页复核；保留节点绑定
1367,menu_shell:Bush2,menu_shell,Bush2,-71,-328.84,128,128,1,1,0,0,,,,0,1,1,0,0,disc,参考图逐页复核；保留节点绑定
1368,menu_shell:Bush2/Artwork,menu_shell,Bush2/Artwork,0,0,128,128,1,1,0,0,,,,0,1,1,0,1,,参考图逐页复核；保留节点绑定
1369,menu_shell:Bush3,menu_shell,Bush3,1,-328.84,128,128,1,1,0,0,,,,0,1,1,0,0,disc,参考图逐页复核；保留节点绑定
1370,menu_shell:Bush3/Artwork,menu_shell,Bush3/Artwork,0,0,128,128,1,1,0,0,,,,0,1,1,0,1,,参考图逐页复核；保留节点绑定
1371,menu_shell:Bush4,menu_shell,Bush4,73,-328.84,128,128,1,1,0,0,,,,0,1,1,0,0,disc,参考图逐页复核；保留节点绑定
1372,menu_shell:Bush4/Artwork,menu_shell,Bush4/Artwork,0,0,128,128,1,1,0,0,,,,0,1,1,0,1,,参考图逐页复核；保留节点绑定
1373,menu_shell:Bush5,menu_shell,Bush5,145,-328.84,128,128,1,1,0,0,,,,0,1,1,0,0,disc,参考图逐页复核；保留节点绑定
1374,menu_shell:Bush5/Artwork,menu_shell,Bush5/Artwork,0,0,128,128,1,1,0,0,,,,0,1,1,0,1,,参考图逐页复核；保留节点绑定
1375,menu_shell:Bush6,menu_shell,Bush6,217,-328.84,128,128,1,1,0,0,,,,0,1,1,0,0,disc,参考图逐页复核；保留节点绑定
1376,menu_shell:Bush6/Artwork,menu_shell,Bush6/Artwork,0,0,128,128,1,1,0,0,,,,0,1,1,0,1,,参考图逐页复核；保留节点绑定
1377,menu_shell:Pages,menu_shell,Pages,0,0,390,693.68,1,1,0,0,,,,0,1,1,0,1,,参考图逐页复核；保留节点绑定
1378,menu_shell:Dialogs,menu_shell,Dialogs,0,0,390,693.68,1,1,0,0,,,,0,1,1,0,1,,参考图逐页复核；保留节点绑定
1379,notice:root,notice,@,0,0,390,693.68,1,1,0,0,,,,0,1,1,0,1,,参考图逐页复核；保留节点绑定
1380,notice:Dim,notice,Dim,0,0,390,693.68,1,1,0,0,,,,0,1,1,0,1,round_0,参考图逐页复核；保留节点绑定
1381,notice:Dim/Artwork,notice,Dim/Artwork,0,0,390,693.68,1,1,0,0,,,,0,1,1,0,1,,参考图逐页复核；保留节点绑定
1382,notice:Panel,notice,Panel,0,-1.160000000000025,340,270,1,1,0,0,,,,0,1,1,0,1,,参考图逐页复核；保留节点绑定
1383,notice:Panel/Shadow,notice,Panel/Shadow,0,-4,340,270,1,1,0,0,,,,0,1,1,0,0,window_flat,参考图逐页复核；保留节点绑定
1384,notice:Panel/Shadow/Artwork,notice,Panel/Shadow/Artwork,0,0,340,270,1,1,0,0,,,,0,1,1,0,1,,参考图逐页复核；保留节点绑定
1385,notice:Panel/Surface,notice,Panel/Surface,0,0,340,270,1,1,0,0,,,,0,1,1,0,1,window_flat,参考图逐页复核；保留节点绑定
1386,notice:Panel/Surface/Artwork,notice,Panel/Surface/Artwork,0,0,340,270,1,1,0,0,,,,0,1,1,0,1,,参考图逐页复核；保留节点绑定
1387,notice:Body,notice,Body,0,-29.160000000000025,277,148,1,1,16,22,Microsoft YaHei,#5c3020,,0,1,1,2,1,,参考图逐页复核；保留节点绑定
1388,notice:Title,notice,Title,-20,85.83999999999997,240,50,1,1,23,29,Microsoft YaHei,#5c3020,,0,1,1,2,1,,参考图逐页复核；保留节点绑定
1389,notice:Close,notice,Close,136,96.83999999999997,48,48,1,1,0,0,,,,0,1,1,0,1,,参考图逐页复核；保留节点绑定
1390,notice:Close/Shadow,notice,Close/Shadow,0,-4,48,48,1,1,0,0,,,,0,1,1,0,0,window_flat,参考图逐页复核；保留节点绑定
1391,notice:Close/Shadow/Artwork,notice,Close/Shadow/Artwork,0,0,48,48,1,1,0,0,,,,0,1,1,0,1,,参考图逐页复核；保留节点绑定
1392,notice:Close/Surface,notice,Close/Surface,0,0,48,48,1,1,0,0,,,,0,1,1,0,1,button_green,参考图逐页复核；保留节点绑定
1393,notice:Close/Surface/Artwork,notice,Close/Surface/Artwork,0,0,48,48,1,1,0,0,,,,0,1,1,0,1,,参考图逐页复核；保留节点绑定
1394,notice:Close/Disabled,notice,Close/Disabled,0,0,48,48,1,1,0,0,,,,0,1,1,0,0,button_disabled,参考图逐页复核；保留节点绑定
1395,notice:Close/Disabled/Artwork,notice,Close/Disabled/Artwork,0,0,48,48,1,1,0,0,,,,0,1,1,0,1,,参考图逐页复核；保留节点绑定
1396,notice:Close/Text,notice,Close/Text,0,0,40,44,1,1,26,32,Microsoft YaHei,#5c3020,,0,1,1,2,1,,参考图逐页复核；保留节点绑定
1397,obstacle_info:root,obstacle_info,@,0,0,172,32,1,1,0,0,,,,0,1,1,0,1,,参考图逐页复核；保留节点绑定
1398,obstacle_info:Surface,obstacle_info,Surface,0,0,172,32,1,1,0,0,,,,0,1,1,0,1,window_flat,参考图逐页复核；保留节点绑定
1399,obstacle_info:Surface/Artwork,obstacle_info,Surface/Artwork,0,0,172,32,1,1,0,0,,,,0,1,1,0,1,,参考图逐页复核；保留节点绑定
1400,obstacle_info:Text,obstacle_info,Text,0,0,164,30,1,1,13,17,Microsoft YaHei,#5c3020,,0,1,1,2,1,,参考图逐页复核；保留节点绑定
1401,pause:root,pause,@,0,0,390,693.68,1,1,0,0,,,,0,1,1,0,1,,参考图逐页复核；保留节点绑定
1402,pause:Dim,pause,Dim,0,0,390,693.68,1,1,0,0,,,,0,1,1,0,1,round_0,参考图逐页复核；保留节点绑定
1403,pause:Dim/Artwork,pause,Dim/Artwork,0,0,390,693.68,1,1,0,0,,,,0,1,1,0,1,,参考图逐页复核；保留节点绑定
1404,pause:Panel,pause,Panel,0,-14.160000000000025,280,270,1,1,0,0,,,,0,1,1,0,1,,参考图逐页复核；保留节点绑定
1405,pause:Panel/Shadow,pause,Panel/Shadow,0,-3,280,270,1,1,0,0,,,,0,1,1,0,0,window_flat,参考图逐页复核；保留节点绑定
1406,pause:Panel/Shadow/Artwork,pause,Panel/Shadow/Artwork,0,0,280,270,1,1,0,0,,,,0,1,1,0,1,,参考图逐页复核；保留节点绑定
1407,pause:Panel/Surface,pause,Panel/Surface,0,0,280,270,1,1,0,0,,,,0,1,1,0,1,window_flat,参考图逐页复核；保留节点绑定
1408,pause:Panel/Surface/Artwork,pause,Panel/Surface/Artwork,0,0,280,270,1,1,0,0,,,,0,1,1,0,1,,参考图逐页复核；保留节点绑定
1409,pause:Panel/Outline,pause,Panel/Outline,0,0,280,270,1,1,0,0,,,,0,1,1,0,0,outline_24_1p8,参考图逐页复核；保留节点绑定
1410,pause:Panel/Outline/Artwork,pause,Panel/Outline/Artwork,0,0,284,274,1,1,0,0,,,,0,1,1,0,1,,参考图逐页复核；保留节点绑定
1411,pause:Panel/Highlight,pause,Panel/Highlight,0,131,232,2,1,1,0,0,,,,0,1,1,0,0,shape_f48e01acad,参考图逐页复核；保留节点绑定
1412,pause:Panel/Highlight/Artwork,pause,Panel/Highlight/Artwork,0,0,238,8,1,1,0,0,,,,0,1,1,0,1,,参考图逐页复核；保留节点绑定
1413,pause:Awning0,pause,Awning0,-104,105.83999999999997,26,12,1,1,0,0,,,,0,1,1,0,0,round_4,参考图逐页复核；保留节点绑定
1414,pause:Awning0/Artwork,pause,Awning0/Artwork,0,0,26,12,1,1,0,0,,,,0,1,1,0,1,,参考图逐页复核；保留节点绑定
1415,pause:Awning1,pause,Awning1,-78,105.83999999999997,26,12,1,1,0,0,,,,0,1,1,0,0,round_4,参考图逐页复核；保留节点绑定
1416,pause:Awning1/Artwork,pause,Awning1/Artwork,0,0,26,12,1,1,0,0,,,,0,1,1,0,1,,参考图逐页复核；保留节点绑定
1417,pause:Awning2,pause,Awning2,-52,105.83999999999997,26,12,1,1,0,0,,,,0,1,1,0,0,round_4,参考图逐页复核；保留节点绑定
1418,pause:Awning2/Artwork,pause,Awning2/Artwork,0,0,26,12,1,1,0,0,,,,0,1,1,0,1,,参考图逐页复核；保留节点绑定
1419,pause:Awning3,pause,Awning3,-26,105.83999999999997,26,12,1,1,0,0,,,,0,1,1,0,0,round_4,参考图逐页复核；保留节点绑定
1420,pause:Awning3/Artwork,pause,Awning3/Artwork,0,0,26,12,1,1,0,0,,,,0,1,1,0,1,,参考图逐页复核；保留节点绑定
1421,pause:Awning4,pause,Awning4,0,105.83999999999997,26,12,1,1,0,0,,,,0,1,1,0,0,round_4,参考图逐页复核；保留节点绑定
1422,pause:Awning4/Artwork,pause,Awning4/Artwork,0,0,26,12,1,1,0,0,,,,0,1,1,0,1,,参考图逐页复核；保留节点绑定
1423,pause:Awning5,pause,Awning5,26,105.83999999999997,26,12,1,1,0,0,,,,0,1,1,0,0,round_4,参考图逐页复核；保留节点绑定
1424,pause:Awning5/Artwork,pause,Awning5/Artwork,0,0,26,12,1,1,0,0,,,,0,1,1,0,1,,参考图逐页复核；保留节点绑定
1425,pause:Awning6,pause,Awning6,52,105.83999999999997,26,12,1,1,0,0,,,,0,1,1,0,0,round_4,参考图逐页复核；保留节点绑定
1426,pause:Awning6/Artwork,pause,Awning6/Artwork,0,0,26,12,1,1,0,0,,,,0,1,1,0,1,,参考图逐页复核；保留节点绑定
1427,pause:Awning7,pause,Awning7,78,105.83999999999997,26,12,1,1,0,0,,,,0,1,1,0,0,round_4,参考图逐页复核；保留节点绑定
1428,pause:Awning7/Artwork,pause,Awning7/Artwork,0,0,26,12,1,1,0,0,,,,0,1,1,0,1,,参考图逐页复核；保留节点绑定
1429,pause:Awning8,pause,Awning8,104,105.83999999999997,26,12,1,1,0,0,,,,0,1,1,0,0,round_4,参考图逐页复核；保留节点绑定
1430,pause:Awning8/Artwork,pause,Awning8/Artwork,0,0,26,12,1,1,0,0,,,,0,1,1,0,1,,参考图逐页复核；保留节点绑定
1431,pause:overlayTitle,pause,overlayTitle,0,62.839999999999975,286,45,1,1,27,31,Microsoft YaHei,#5c3020,,0,1,1,2,1,,参考图逐页复核；保留节点绑定
1432,pause:overlayStats,pause,overlayStats,0,6.839999999999975,270,58,1,1,14,18,Microsoft YaHei,#5c3020,,0,1,1,2,1,,参考图逐页复核；保留节点绑定
1433,pause:overlayNote,pause,overlayNote,0,-107.16000000000003,270,24,1,1,13,17,Microsoft YaHei,#5c3020,,0,1,1,2,1,,参考图逐页复核；保留节点绑定
1434,pause:Primary,pause,Primary,0,-34.160000000000025,246,48,1,1,0,0,,,,0,1,1,0,1,,参考图逐页复核；保留节点绑定
1435,pause:Primary/Shadow,pause,Primary/Shadow,0,-3,246,48,1,1,0,0,,,,0,1,1,0,0,window_flat,参考图逐页复核；保留节点绑定
1436,pause:Primary/Shadow/Artwork,pause,Primary/Shadow/Artwork,0,0,246,48,1,1,0,0,,,,0,1,1,0,1,,参考图逐页复核；保留节点绑定
1437,pause:Primary/Surface,pause,Primary/Surface,0,0,246,48,1,1,0,0,,,,0,1,1,0,1,button_gold,参考图逐页复核；保留节点绑定
1438,pause:Primary/Surface/Artwork,pause,Primary/Surface/Artwork,0,0,246,48,1,1,0,0,,,,0,1,1,0,1,,参考图逐页复核；保留节点绑定
1439,pause:Primary/Outline,pause,Primary/Outline,0,0,246,48,1,1,0,0,,,,0,1,1,0,0,outline_14_1p8,参考图逐页复核；保留节点绑定
1440,pause:Primary/Outline/Artwork,pause,Primary/Outline/Artwork,0,0,250,52,1,1,0,0,,,,0,1,1,0,1,,参考图逐页复核；保留节点绑定
1441,pause:Primary/Highlight,pause,Primary/Highlight,0,20,218,2,1,1,0,0,,,,0,1,1,0,0,shape_2ec48d18f7,参考图逐页复核；保留节点绑定
1442,pause:Primary/Highlight/Artwork,pause,Primary/Highlight/Artwork,0,0,224,8,1,1,0,0,,,,0,1,1,0,1,,参考图逐页复核；保留节点绑定
1443,pause:Primary/Disabled,pause,Primary/Disabled,0,0,246,48,1,1,0,0,,,,0,1,1,0,0,button_disabled,参考图逐页复核；保留节点绑定
1444,pause:Primary/Disabled/Artwork,pause,Primary/Disabled/Artwork,0,0,246,48,1,1,0,0,,,,0,1,1,0,1,,参考图逐页复核；保留节点绑定
1445,pause:Primary/overlayPrimary,pause,Primary/overlayPrimary,0,0,238,44,1,1,17,21,Microsoft YaHei,#5c3020,,0,1,1,2,1,,参考图逐页复核；保留节点绑定
1446,pause:Secondary,pause,Secondary,0,-151.16000000000003,246,48,1,1,0,0,,,,0,1,1,0,0,,参考图逐页复核；保留节点绑定
1447,pause:Secondary/Shadow,pause,Secondary/Shadow,0,-3,246,48,1,1,0,0,,,,0,1,1,0,0,window_flat,参考图逐页复核；保留节点绑定
1448,pause:Secondary/Shadow/Artwork,pause,Secondary/Shadow/Artwork,0,0,246,48,1,1,0,0,,,,0,1,1,0,1,,参考图逐页复核；保留节点绑定
1449,pause:Secondary/Surface,pause,Secondary/Surface,0,0,246,48,1,1,0,0,,,,0,1,1,0,1,button_green,参考图逐页复核；保留节点绑定
1450,pause:Secondary/Surface/Artwork,pause,Secondary/Surface/Artwork,0,0,246,48,1,1,0,0,,,,0,1,1,0,1,,参考图逐页复核；保留节点绑定
1451,pause:Secondary/Outline,pause,Secondary/Outline,0,0,246,48,1,1,0,0,,,,0,1,1,0,0,outline_14_1p8,参考图逐页复核；保留节点绑定
1452,pause:Secondary/Outline/Artwork,pause,Secondary/Outline/Artwork,0,0,250,52,1,1,0,0,,,,0,1,1,0,1,,参考图逐页复核；保留节点绑定
1453,pause:Secondary/Highlight,pause,Secondary/Highlight,0,20,218,2,1,1,0,0,,,,0,1,1,0,0,shape_f3936d303b,参考图逐页复核；保留节点绑定
1454,pause:Secondary/Highlight/Artwork,pause,Secondary/Highlight/Artwork,0,0,224,8,1,1,0,0,,,,0,1,1,0,1,,参考图逐页复核；保留节点绑定
1455,pause:Secondary/Disabled,pause,Secondary/Disabled,0,0,246,48,1,1,0,0,,,,0,1,1,0,0,button_disabled,参考图逐页复核；保留节点绑定
1456,pause:Secondary/Disabled/Artwork,pause,Secondary/Disabled/Artwork,0,0,246,48,1,1,0,0,,,,0,1,1,0,1,,参考图逐页复核；保留节点绑定
1457,pause:Secondary/overlaySecondary,pause,Secondary/overlaySecondary,0,0,238,44,1,1,17,21,Microsoft YaHei,#5c3020,,0,1,1,2,1,,参考图逐页复核；保留节点绑定
1458,pause:Home,pause,Home,0,-108.16000000000003,246,48,1,1,0,0,,,,0,1,1,0,1,,参考图逐页复核；保留节点绑定
1459,pause:Home/Shadow,pause,Home/Shadow,0,-3,246,48,1,1,0,0,,,,0,1,1,0,0,window_flat,参考图逐页复核；保留节点绑定
1460,pause:Home/Shadow/Artwork,pause,Home/Shadow/Artwork,0,0,246,48,1,1,0,0,,,,0,1,1,0,1,,参考图逐页复核；保留节点绑定
1461,pause:Home/Surface,pause,Home/Surface,0,0,246,48,1,1,0,0,,,,0,1,1,0,1,button_green,参考图逐页复核；保留节点绑定
1462,pause:Home/Surface/Artwork,pause,Home/Surface/Artwork,0,0,246,48,1,1,0,0,,,,0,1,1,0,1,,参考图逐页复核；保留节点绑定
1463,pause:Home/Outline,pause,Home/Outline,0,0,246,48,1,1,0,0,,,,0,1,1,0,0,outline_14_1p8,参考图逐页复核；保留节点绑定
1464,pause:Home/Outline/Artwork,pause,Home/Outline/Artwork,0,0,250,52,1,1,0,0,,,,0,1,1,0,1,,参考图逐页复核；保留节点绑定
1465,pause:Home/Highlight,pause,Home/Highlight,0,20,218,2,1,1,0,0,,,,0,1,1,0,0,shape_f3936d303b,参考图逐页复核；保留节点绑定
1466,pause:Home/Highlight/Artwork,pause,Home/Highlight/Artwork,0,0,224,8,1,1,0,0,,,,0,1,1,0,1,,参考图逐页复核；保留节点绑定
1467,pause:Home/Disabled,pause,Home/Disabled,0,0,246,48,1,1,0,0,,,,0,1,1,0,0,button_disabled,参考图逐页复核；保留节点绑定
1468,pause:Home/Disabled/Artwork,pause,Home/Disabled/Artwork,0,0,246,48,1,1,0,0,,,,0,1,1,0,1,,参考图逐页复核；保留节点绑定
1469,pause:Home/overlayHome,pause,Home/overlayHome,0,0,238,44,1,1,16,20,Microsoft YaHei,#5c3020,,0,1,1,2,1,,参考图逐页复核；保留节点绑定
1470,retry:root,retry,@,0,0,390,693.68,1,1,0,0,,,,0,1,1,0,1,,参考图逐页复核；保留节点绑定
1471,retry:Dim,retry,Dim,0,0,390,693.68,1,1,0,0,,,,0,1,1,0,1,round_0,参考图逐页复核；保留节点绑定
1472,retry:Dim/Artwork,retry,Dim/Artwork,0,0,390,693.68,1,1,0,0,,,,0,1,1,0,1,,参考图逐页复核；保留节点绑定
1473,retry:Panel,retry,Panel,0,-7.160000000000025,318,356,1,1,0,0,,,,0,1,1,0,1,,参考图逐页复核；保留节点绑定
1474,retry:Panel/Shadow,retry,Panel/Shadow,0,-3,318,356,1,1,0,0,,,,0,1,1,0,0,window_flat,参考图逐页复核；保留节点绑定
1475,retry:Panel/Shadow/Artwork,retry,Panel/Shadow/Artwork,0,0,318,356,1,1,0,0,,,,0,1,1,0,1,,参考图逐页复核；保留节点绑定
1476,retry:Panel/Surface,retry,Panel/Surface,0,0,318,356,1,1,0,0,,,,0,1,1,0,1,window_flat,参考图逐页复核；保留节点绑定
1477,retry:Panel/Surface/Artwork,retry,Panel/Surface/Artwork,0,0,318,356,1,1,0,0,,,,0,1,1,0,1,,参考图逐页复核；保留节点绑定
1478,retry:Panel/Outline,retry,Panel/Outline,0,0,318,356,1,1,0,0,,,,0,1,1,0,0,outline_26_1p8,参考图逐页复核；保留节点绑定
1479,retry:Panel/Outline/Artwork,retry,Panel/Outline/Artwork,0,0,322,360,1,1,0,0,,,,0,1,1,0,1,,参考图逐页复核；保留节点绑定
1480,retry:Panel/Highlight,retry,Panel/Highlight,0,174,266,2,1,1,0,0,,,,0,1,1,0,0,shape_68dd104b57,参考图逐页复核；保留节点绑定
1481,retry:Panel/Highlight/Artwork,retry,Panel/Highlight/Artwork,0,0,272,8,1,1,0,0,,,,0,1,1,0,1,,参考图逐页复核；保留节点绑定
1482,retry:Awning0,retry,Awning0,-116.44444444444444,160.83999999999997,29.11111111111111,12,1,1,0,0,,,,0,1,1,0,0,round_4,参考图逐页复核；保留节点绑定
1483,retry:Awning0/Artwork,retry,Awning0/Artwork,0,0,29.11111111111111,12,1,1,0,0,,,,0,1,1,0,1,,参考图逐页复核；保留节点绑定
1484,retry:Awning1,retry,Awning1,-87.33333333333333,160.83999999999997,29.11111111111111,12,1,1,0,0,,,,0,1,1,0,0,round_4,参考图逐页复核；保留节点绑定
1485,retry:Awning1/Artwork,retry,Awning1/Artwork,0,0,29.11111111111111,12,1,1,0,0,,,,0,1,1,0,1,,参考图逐页复核；保留节点绑定
1486,retry:Awning2,retry,Awning2,-58.22222222222223,160.83999999999997,29.11111111111111,12,1,1,0,0,,,,0,1,1,0,0,round_4,参考图逐页复核；保留节点绑定
1487,retry:Awning2/Artwork,retry,Awning2/Artwork,0,0,29.11111111111111,12,1,1,0,0,,,,0,1,1,0,1,,参考图逐页复核；保留节点绑定
1488,retry:Awning3,retry,Awning3,-29.111111111111143,160.83999999999997,29.11111111111111,12,1,1,0,0,,,,0,1,1,0,0,round_4,参考图逐页复核；保留节点绑定
1489,retry:Awning3/Artwork,retry,Awning3/Artwork,0,0,29.11111111111111,12,1,1,0,0,,,,0,1,1,0,1,,参考图逐页复核；保留节点绑定
1490,retry:Awning4,retry,Awning4,0,160.83999999999997,29.11111111111111,12,1,1,0,0,,,,0,1,1,0,0,round_4,参考图逐页复核；保留节点绑定
1491,retry:Awning4/Artwork,retry,Awning4/Artwork,0,0,29.11111111111111,12,1,1,0,0,,,,0,1,1,0,1,,参考图逐页复核；保留节点绑定
1492,retry:Awning5,retry,Awning5,29.111111111111086,160.83999999999997,29.11111111111111,12,1,1,0,0,,,,0,1,1,0,0,round_4,参考图逐页复核；保留节点绑定
1493,retry:Awning5/Artwork,retry,Awning5/Artwork,0,0,29.11111111111111,12,1,1,0,0,,,,0,1,1,0,1,,参考图逐页复核；保留节点绑定
1494,retry:Awning6,retry,Awning6,58.2222222222222,160.83999999999997,29.11111111111111,12,1,1,0,0,,,,0,1,1,0,0,round_4,参考图逐页复核；保留节点绑定
1495,retry:Awning6/Artwork,retry,Awning6/Artwork,0,0,29.11111111111111,12,1,1,0,0,,,,0,1,1,0,1,,参考图逐页复核；保留节点绑定
1496,retry:Awning7,retry,Awning7,87.33333333333331,160.83999999999997,29.11111111111111,12,1,1,0,0,,,,0,1,1,0,0,round_4,参考图逐页复核；保留节点绑定
1497,retry:Awning7/Artwork,retry,Awning7/Artwork,0,0,29.11111111111111,12,1,1,0,0,,,,0,1,1,0,1,,参考图逐页复核；保留节点绑定
1498,retry:Awning8,retry,Awning8,116.44444444444446,160.83999999999997,29.11111111111111,12,1,1,0,0,,,,0,1,1,0,0,round_4,参考图逐页复核；保留节点绑定
1499,retry:Awning8/Artwork,retry,Awning8/Artwork,0,0,29.11111111111111,12,1,1,0,0,,,,0,1,1,0,1,,参考图逐页复核；保留节点绑定
1500,retry:Seal,retry,Seal,0,121.83999999999997,80,80,1,1,0,0,,,,0,1,1,0,1,disc,参考图逐页复核；保留节点绑定
1501,retry:Seal/Artwork,retry,Seal/Artwork,0,0,80,80,1,1,0,0,,,,0,1,1,0,1,,参考图逐页复核；保留节点绑定
1502,retry:Shop,retry,Shop,0,120.83999999999997,50,42,1,1,0,0,,,,0,1,1,0,1,,参考图逐页复核；保留节点绑定
1503,retry:Shop/Body,retry,Shop/Body,0,-2,46,38,1,1,0,0,,,,0,1,1,0,1,,参考图逐页复核；保留节点绑定
1504,retry:Shop/Body/Shadow,retry,Shop/Body/Shadow,0,-3,46,38,1,1,0,0,,,,0,1,1,0,0,window_flat,参考图逐页复核；保留节点绑定
1505,retry:Shop/Body/Shadow/Artwork,retry,Shop/Body/Shadow/Artwork,0,0,46,38,1,1,0,0,,,,0,1,1,0,1,,参考图逐页复核；保留节点绑定
1506,retry:Shop/Body/Surface,retry,Shop/Body/Surface,0,0,46,38,1,1,0,0,,,,0,1,1,0,1,window_flat,参考图逐页复核；保留节点绑定
1507,retry:Shop/Body/Surface/Artwork,retry,Shop/Body/Surface/Artwork,0,0,46,38,1,1,0,0,,,,0,1,1,0,1,,参考图逐页复核；保留节点绑定
1508,retry:Shop/Body/Outline,retry,Shop/Body/Outline,0,0,46,38,1,1,0,0,,,,0,1,1,0,0,outline_5_1p8,参考图逐页复核；保留节点绑定
1509,retry:Shop/Body/Outline/Artwork,retry,Shop/Body/Outline/Artwork,0,0,50,42,1,1,0,0,,,,0,1,1,0,1,,参考图逐页复核；保留节点绑定
1510,retry:Shop/Body/Highlight,retry,Shop/Body/Highlight,0,15,36,2,1,1,0,0,,,,0,1,1,0,0,shape_7c9f638f0a,参考图逐页复核；保留节点绑定
1511,retry:Shop/Body/Highlight/Artwork,retry,Shop/Body/Highlight/Artwork,0,0,42,8,1,1,0,0,,,,0,1,1,0,1,,参考图逐页复核；保留节点绑定
1512,retry:Shop/Door,retry,Shop/Door,-8,-10,16,22,1,1,0,0,,,,0,1,1,0,1,round_2,参考图逐页复核；保留节点绑定
1513,retry:Shop/Door/Artwork,retry,Shop/Door/Artwork,0,0,16,22,1,1,0,0,,,,0,1,1,0,1,,参考图逐页复核；保留节点绑定
1514,retry:Shop/Window,retry,Shop/Window,12,-6.5,12,13,1,1,0,0,,,,0,1,1,0,1,round_2,参考图逐页复核；保留节点绑定
1515,retry:Shop/Window/Artwork,retry,Shop/Window/Artwork,0,0,12,13,1,1,0,0,,,,0,1,1,0,1,,参考图逐页复核；保留节点绑定
1516,retry:Shop/Awning0,retry,Shop/Awning0,-20,14,10,14,1,1,0,0,,,,0,1,1,0,0,round_3,参考图逐页复核；保留节点绑定
1517,retry:Shop/Awning0/Artwork,retry,Shop/Awning0/Artwork,0,0,10,14,1,1,0,0,,,,0,1,1,0,1,,参考图逐页复核；保留节点绑定
1518,retry:Shop/Awning1,retry,Shop/Awning1,-10,14,10,14,1,1,0,0,,,,0,1,1,0,0,round_3,参考图逐页复核；保留节点绑定
1519,retry:Shop/Awning1/Artwork,retry,Shop/Awning1/Artwork,0,0,10,14,1,1,0,0,,,,0,1,1,0,1,,参考图逐页复核；保留节点绑定
1520,retry:Shop/Awning2,retry,Shop/Awning2,0,14,10,14,1,1,0,0,,,,0,1,1,0,0,round_3,参考图逐页复核；保留节点绑定
1521,retry:Shop/Awning2/Artwork,retry,Shop/Awning2/Artwork,0,0,10,14,1,1,0,0,,,,0,1,1,0,1,,参考图逐页复核；保留节点绑定
1522,retry:Shop/Awning3,retry,Shop/Awning3,10,14,10,14,1,1,0,0,,,,0,1,1,0,0,round_3,参考图逐页复核；保留节点绑定
1523,retry:Shop/Awning3/Artwork,retry,Shop/Awning3/Artwork,0,0,10,14,1,1,0,0,,,,0,1,1,0,1,,参考图逐页复核；保留节点绑定
1524,retry:Shop/Awning4,retry,Shop/Awning4,20,14,10,14,1,1,0,0,,,,0,1,1,0,0,round_3,参考图逐页复核；保留节点绑定
1525,retry:Shop/Awning4/Artwork,retry,Shop/Awning4/Artwork,0,0,10,14,1,1,0,0,,,,0,1,1,0,1,,参考图逐页复核；保留节点绑定
1526,retry:Shop/Handle,retry,Shop/Handle,-3,-11,3,3,1,1,0,0,,,,0,1,1,0,1,disc,参考图逐页复核；保留节点绑定
1527,retry:Shop/Handle/Artwork,retry,Shop/Handle/Artwork,0,0,3,3,1,1,0,0,,,,0,1,1,0,1,,参考图逐页复核；保留节点绑定
1528,retry:overlayTitle,retry,overlayTitle,0,62.839999999999975,286,45,1,1,27,31,Microsoft YaHei,#5c3020,,0,1,1,2,1,,参考图逐页复核；保留节点绑定
1529,retry:overlayStats,retry,overlayStats,0,6.839999999999975,270,58,1,1,14,18,Microsoft YaHei,#5c3020,,0,1,1,2,1,,参考图逐页复核；保留节点绑定
1530,retry:overlayNote,retry,overlayNote,0,-107.16000000000003,270,24,1,1,13,17,Microsoft YaHei,#5c3020,,0,1,1,2,1,,参考图逐页复核；保留节点绑定
1531,retry:Primary,retry,Primary,0,-73.16000000000003,246,48,1,1,0,0,,,,0,1,1,0,1,,参考图逐页复核；保留节点绑定
1532,retry:Primary/Shadow,retry,Primary/Shadow,0,-3,246,48,1,1,0,0,,,,0,1,1,0,0,window_flat,参考图逐页复核；保留节点绑定
1533,retry:Primary/Shadow/Artwork,retry,Primary/Shadow/Artwork,0,0,246,48,1,1,0,0,,,,0,1,1,0,1,,参考图逐页复核；保留节点绑定
1534,retry:Primary/Surface,retry,Primary/Surface,0,0,246,48,1,1,0,0,,,,0,1,1,0,1,button_gold,参考图逐页复核；保留节点绑定
1535,retry:Primary/Surface/Artwork,retry,Primary/Surface/Artwork,0,0,246,48,1,1,0,0,,,,0,1,1,0,1,,参考图逐页复核；保留节点绑定
1536,retry:Primary/Outline,retry,Primary/Outline,0,0,246,48,1,1,0,0,,,,0,1,1,0,0,outline_14_1p8,参考图逐页复核；保留节点绑定
1537,retry:Primary/Outline/Artwork,retry,Primary/Outline/Artwork,0,0,250,52,1,1,0,0,,,,0,1,1,0,1,,参考图逐页复核；保留节点绑定
1538,retry:Primary/Highlight,retry,Primary/Highlight,0,20,218,2,1,1,0,0,,,,0,1,1,0,0,shape_f3936d303b,参考图逐页复核；保留节点绑定
1539,retry:Primary/Highlight/Artwork,retry,Primary/Highlight/Artwork,0,0,224,8,1,1,0,0,,,,0,1,1,0,1,,参考图逐页复核；保留节点绑定
1540,retry:Primary/Disabled,retry,Primary/Disabled,0,0,246,48,1,1,0,0,,,,0,1,1,0,0,button_disabled,参考图逐页复核；保留节点绑定
1541,retry:Primary/Disabled/Artwork,retry,Primary/Disabled/Artwork,0,0,246,48,1,1,0,0,,,,0,1,1,0,1,,参考图逐页复核；保留节点绑定
1542,retry:Primary/overlayPrimary,retry,Primary/overlayPrimary,0,0,238,44,1,1,17,21,Microsoft YaHei,#5c3020,,0,1,1,2,1,,参考图逐页复核；保留节点绑定
1543,retry:Secondary,retry,Secondary,0,-151.16000000000003,246,48,1,1,0,0,,,,0,1,1,0,0,,参考图逐页复核；保留节点绑定
1544,retry:Secondary/Shadow,retry,Secondary/Shadow,0,-3,246,48,1,1,0,0,,,,0,1,1,0,0,window_flat,参考图逐页复核；保留节点绑定
1545,retry:Secondary/Shadow/Artwork,retry,Secondary/Shadow/Artwork,0,0,246,48,1,1,0,0,,,,0,1,1,0,1,,参考图逐页复核；保留节点绑定
1546,retry:Secondary/Surface,retry,Secondary/Surface,0,0,246,48,1,1,0,0,,,,0,1,1,0,1,button_green,参考图逐页复核；保留节点绑定
1547,retry:Secondary/Surface/Artwork,retry,Secondary/Surface/Artwork,0,0,246,48,1,1,0,0,,,,0,1,1,0,1,,参考图逐页复核；保留节点绑定
1548,retry:Secondary/Outline,retry,Secondary/Outline,0,0,246,48,1,1,0,0,,,,0,1,1,0,0,outline_14_1p8,参考图逐页复核；保留节点绑定
1549,retry:Secondary/Outline/Artwork,retry,Secondary/Outline/Artwork,0,0,250,52,1,1,0,0,,,,0,1,1,0,1,,参考图逐页复核；保留节点绑定
1550,retry:Secondary/Highlight,retry,Secondary/Highlight,0,20,218,2,1,1,0,0,,,,0,1,1,0,0,shape_f3936d303b,参考图逐页复核；保留节点绑定
1551,retry:Secondary/Highlight/Artwork,retry,Secondary/Highlight/Artwork,0,0,224,8,1,1,0,0,,,,0,1,1,0,1,,参考图逐页复核；保留节点绑定
1552,retry:Secondary/Disabled,retry,Secondary/Disabled,0,0,246,48,1,1,0,0,,,,0,1,1,0,0,button_disabled,参考图逐页复核；保留节点绑定
1553,retry:Secondary/Disabled/Artwork,retry,Secondary/Disabled/Artwork,0,0,246,48,1,1,0,0,,,,0,1,1,0,1,,参考图逐页复核；保留节点绑定
1554,retry:Secondary/overlaySecondary,retry,Secondary/overlaySecondary,0,0,238,44,1,1,17,21,Microsoft YaHei,#5c3020,,0,1,1,2,1,,参考图逐页复核；保留节点绑定
1555,retry:Home,retry,Home,0,-141.16000000000003,246,48,1,1,0,0,,,,0,1,1,0,1,,参考图逐页复核；保留节点绑定
1556,retry:Home/Shadow,retry,Home/Shadow,0,-3,246,48,1,1,0,0,,,,0,1,1,0,0,window_flat,参考图逐页复核；保留节点绑定
1557,retry:Home/Shadow/Artwork,retry,Home/Shadow/Artwork,0,0,246,48,1,1,0,0,,,,0,1,1,0,1,,参考图逐页复核；保留节点绑定
1558,retry:Home/Surface,retry,Home/Surface,0,0,246,48,1,1,0,0,,,,0,1,1,0,1,button_green,参考图逐页复核；保留节点绑定
1559,retry:Home/Surface/Artwork,retry,Home/Surface/Artwork,0,0,246,48,1,1,0,0,,,,0,1,1,0,1,,参考图逐页复核；保留节点绑定
1560,retry:Home/Outline,retry,Home/Outline,0,0,246,48,1,1,0,0,,,,0,1,1,0,0,outline_14_1p8,参考图逐页复核；保留节点绑定
1561,retry:Home/Outline/Artwork,retry,Home/Outline/Artwork,0,0,250,52,1,1,0,0,,,,0,1,1,0,1,,参考图逐页复核；保留节点绑定
1562,retry:Home/Highlight,retry,Home/Highlight,0,20,218,2,1,1,0,0,,,,0,1,1,0,0,shape_f3936d303b,参考图逐页复核；保留节点绑定
1563,retry:Home/Highlight/Artwork,retry,Home/Highlight/Artwork,0,0,224,8,1,1,0,0,,,,0,1,1,0,1,,参考图逐页复核；保留节点绑定
1564,retry:Home/Disabled,retry,Home/Disabled,0,0,246,48,1,1,0,0,,,,0,1,1,0,0,button_disabled,参考图逐页复核；保留节点绑定
1565,retry:Home/Disabled/Artwork,retry,Home/Disabled/Artwork,0,0,246,48,1,1,0,0,,,,0,1,1,0,1,,参考图逐页复核；保留节点绑定
1566,retry:Home/overlayHome,retry,Home/overlayHome,0,0,238,44,1,1,16,20,Microsoft YaHei,#5c3020,,0,1,1,2,1,,参考图逐页复核；保留节点绑定
1567,sell_button:root,sell_button,@,0,0,96,48,1,1,0,0,,,,0,1,1,0,1,,参考图逐页复核；保留节点绑定
1568,sell_button:Surface,sell_button,Surface,0,0,96,48,1,1,0,0,,,,0,1,1,0,1,,参考图逐页复核；保留节点绑定
1569,sell_button:Surface/Shadow,sell_button,Surface/Shadow,0,-3,96,48,1,1,0,0,,,,0,1,1,0,0,window_flat,参考图逐页复核；保留节点绑定
1570,sell_button:Surface/Shadow/Artwork,sell_button,Surface/Shadow/Artwork,0,0,96,48,1,1,0,0,,,,0,1,1,0,1,,参考图逐页复核；保留节点绑定
1571,sell_button:Surface/Surface,sell_button,Surface/Surface,0,0,96,48,1,1,0,0,,,,0,1,1,0,1,window_flat,参考图逐页复核；保留节点绑定
1572,sell_button:Surface/Surface/Artwork,sell_button,Surface/Surface/Artwork,0,0,96,48,1,1,0,0,,,,0,1,1,0,1,,参考图逐页复核；保留节点绑定
1573,sell_button:Surface/Outline,sell_button,Surface/Outline,0,0,96,48,1,1,0,0,,,,0,1,1,0,0,outline_13_1p8,参考图逐页复核；保留节点绑定
1574,sell_button:Surface/Outline/Artwork,sell_button,Surface/Outline/Artwork,0,0,100,52,1,1,0,0,,,,0,1,1,0,1,,参考图逐页复核；保留节点绑定
1575,sell_button:Surface/Highlight,sell_button,Surface/Highlight,0,20,70,2,1,1,0,0,,,,0,1,1,0,0,shape_c5f65c98b6,参考图逐页复核；保留节点绑定
1576,sell_button:Surface/Highlight/Artwork,sell_button,Surface/Highlight/Artwork,0,0,76,8,1,1,0,0,,,,0,1,1,0,1,,参考图逐页复核；保留节点绑定
1577,sell_button:Text,sell_button,Text,0,0,92,44,1,1,16,20,Microsoft YaHei,#5c3020,,0,1,1,2,1,,参考图逐页复核；保留节点绑定
1578,settings:root,settings,@,0,0,390,693.68,1,1,0,0,,,,0,1,1,0,1,,参考图逐页复核；保留节点绑定
1579,settings:Dim,settings,Dim,0,0,390,693.68,1,1,0,0,,,,0,1,1,0,1,round_0,参考图逐页复核；保留节点绑定
1580,settings:Dim/Artwork,settings,Dim/Artwork,0,0,390,693.68,1,1,0,0,,,,0,1,1,0,1,,参考图逐页复核；保留节点绑定
1581,settings:Panel,settings,Panel,0,0,350,292,1,1,0,0,,,,0,1,1,0,1,window_flat,参考图逐页复核；保留节点绑定
1582,settings:Panel/Artwork,settings,Panel/Artwork,0,0,362,540,1,1,0,0,,,,0,1,1,0,1,,参考图逐页复核；保留节点绑定
1583,settings:Version,settings,Version,0,-126,315,22,1,1,12,17,Microsoft YaHei,#5c3020,,0,1,1,2,1,,参考图逐页复核；保留节点绑定
1584,settings:Title,settings,Title,0,107,260,38,1,1,28,33,Microsoft YaHei,#5c3020,,0,1,1,2,1,,参考图逐页复核；保留节点绑定
1585,settings:Back,settings,Back,150,126,40,40,1,1,0,0,,,,0,1,1,0,1,,参考图逐页复核；保留节点绑定
1586,settings:Back/Shadow,settings,Back/Shadow,0,-4,52,48,1,1,0,0,,,,0,1,1,0,0,window_flat,参考图逐页复核；保留节点绑定
1587,settings:Back/Shadow/Artwork,settings,Back/Shadow/Artwork,0,0,52,48,1,1,0,0,,,,0,1,1,0,1,,参考图逐页复核；保留节点绑定
1588,settings:Back/Surface,settings,Back/Surface,0,0,52,48,1,1,0,0,,,,0,1,1,0,0,button_green,参考图逐页复核；保留节点绑定
1589,settings:Back/Surface/Artwork,settings,Back/Surface/Artwork,0,0,52,48,1,1,0,0,,,,0,1,1,0,1,,参考图逐页复核；保留节点绑定
1590,settings:Back/Disabled,settings,Back/Disabled,0,0,52,48,1,1,0,0,,,,0,1,1,0,0,button_disabled,参考图逐页复核；保留节点绑定
1591,settings:Back/Disabled/Artwork,settings,Back/Disabled/Artwork,0,0,52,48,1,1,0,0,,,,0,1,1,0,1,,参考图逐页复核；保留节点绑定
1592,settings:Back/Cross,settings,Back/Cross,0,0,40,40,1,1,0,0,,,,0,1,1,0,1,close_red,参考图逐页复核；保留节点绑定
1593,settings:Back/Cross/Artwork,settings,Back/Cross/Artwork,0,0,40,40,1,1,0,0,,,,0,1,1,0,1,,参考图逐页复核；保留节点绑定
1594,settings:Back/Text,settings,Back/Text,0,0,44,44,1,1,15,21,Microsoft YaHei,#5c3020,,0,1,1,2,0,,参考图逐页复核；保留节点绑定
1595,settings:Music,settings,Music,0,30,314,85,1,1,0,0,,,,0,1,1,0,1,,参考图逐页复核；保留节点绑定
1596,settings:Music/Shadow,settings,Music/Shadow,0,-4,328,96,1,1,0,0,,,,0,1,1,0,0,window_flat,参考图逐页复核；保留节点绑定
1597,settings:Music/Shadow/Artwork,settings,Music/Shadow/Artwork,0,0,328,96,1,1,0,0,,,,0,1,1,0,1,,参考图逐页复核；保留节点绑定
1598,settings:Music/Surface,settings,Music/Surface,0,0,314,85,1,1,0,0,,,,0,1,1,0,1,window_flat,参考图逐页复核；保留节点绑定
1599,settings:Music/Surface/Artwork,settings,Music/Surface/Artwork,0,0,328,96,1,1,0,0,,,,0,1,1,0,1,,参考图逐页复核；保留节点绑定
1600,settings:Music/On,settings,Music/On,98.5,1,83,46,1,1,0,0,,,,0,1,1,0,1,,参考图逐页复核；保留节点绑定
1601,settings:Music/On/Track,settings,Music/On/Track,0,0,83,46,1,1,0,0,,,,0,1,1,0,1,button_green,参考图逐页复核；保留节点绑定
1602,settings:Music/On/Track/Artwork,settings,Music/On/Track/Artwork,0,0,83,46,1,1,0,0,,,,0,1,1,0,1,,参考图逐页复核；保留节点绑定
1603,settings:Music/On/Knob,settings,Music/On/Knob,19.5,0,36,36,1,1,0,0,,,,0,1,1,0,1,circle_cream,参考图逐页复核；保留节点绑定
1604,settings:Music/On/Knob/Artwork,settings,Music/On/Knob/Artwork,0,0,36,36,1,1,0,0,,,,0,1,1,0,1,,参考图逐页复核；保留节点绑定
1605,settings:Music/On/Text,settings,Music/On/Text,-19.5,0,33,30,1,1,15,20,Microsoft YaHei,#ffffff,#6a3925,1.4,1,1,2,1,,参考图逐页复核；保留节点绑定
1606,settings:Music/Off,settings,Music/Off,98.5,1,83,46,1,1,0,0,,,,0,1,1,0,0,,参考图逐页复核；保留节点绑定
1607,settings:Music/Off/Track,settings,Music/Off/Track,0,0,83,46,1,1,0,0,,,,0,1,1,0,1,button_disabled,参考图逐页复核；保留节点绑定
1608,settings:Music/Off/Track/Artwork,settings,Music/Off/Track/Artwork,0,0,83,46,1,1,0,0,,,,0,1,1,0,1,,参考图逐页复核；保留节点绑定
1609,settings:Music/Off/Knob,settings,Music/Off/Knob,-19.5,0,36,36,1,1,0,0,,,,0,1,1,0,1,circle_cream,参考图逐页复核；保留节点绑定
1610,settings:Music/Off/Knob/Artwork,settings,Music/Off/Knob/Artwork,0,0,36,36,1,1,0,0,,,,0,1,1,0,1,,参考图逐页复核；保留节点绑定
1611,settings:Music/Off/Text,settings,Music/Off/Text,20.5,0,33,30,1,1,15,20,Microsoft YaHei,#5c3020,,0,1,1,2,1,,参考图逐页复核；保留节点绑定
1612,settings:Music/Title,settings,Music/Title,-93,1,100,40,1,1,21,27,Microsoft YaHei,#5c3020,,0,1,1,2,1,,参考图逐页复核；保留节点绑定
1613,settings:Effects,settings,Effects,0,-65,314,85,1,1,0,0,,,,0,1,1,0,1,,参考图逐页复核；保留节点绑定
1614,settings:Effects/Shadow,settings,Effects/Shadow,0,-4,328,96,1,1,0,0,,,,0,1,1,0,0,window_flat,参考图逐页复核；保留节点绑定
1615,settings:Effects/Shadow/Artwork,settings,Effects/Shadow/Artwork,0,0,328,96,1,1,0,0,,,,0,1,1,0,1,,参考图逐页复核；保留节点绑定
1616,settings:Effects/Surface,settings,Effects/Surface,0,0,314,85,1,1,0,0,,,,0,1,1,0,1,window_flat,参考图逐页复核；保留节点绑定
1617,settings:Effects/Surface/Artwork,settings,Effects/Surface/Artwork,0,0,328,96,1,1,0,0,,,,0,1,1,0,1,,参考图逐页复核；保留节点绑定
1618,settings:Effects/On,settings,Effects/On,98.5,1,83,46,1,1,0,0,,,,0,1,1,0,1,,参考图逐页复核；保留节点绑定
1619,settings:Effects/On/Track,settings,Effects/On/Track,0,0,83,46,1,1,0,0,,,,0,1,1,0,1,button_green,参考图逐页复核；保留节点绑定
1620,settings:Effects/On/Track/Artwork,settings,Effects/On/Track/Artwork,0,0,83,46,1,1,0,0,,,,0,1,1,0,1,,参考图逐页复核；保留节点绑定
1621,settings:Effects/On/Knob,settings,Effects/On/Knob,19.5,0,36,36,1,1,0,0,,,,0,1,1,0,1,circle_cream,参考图逐页复核；保留节点绑定
1622,settings:Effects/On/Knob/Artwork,settings,Effects/On/Knob/Artwork,0,0,36,36,1,1,0,0,,,,0,1,1,0,1,,参考图逐页复核；保留节点绑定
1623,settings:Effects/On/Text,settings,Effects/On/Text,-19.5,0,33,30,1,1,15,20,Microsoft YaHei,#ffffff,#6a3925,1.4,1,1,2,1,,参考图逐页复核；保留节点绑定
1624,settings:Effects/Off,settings,Effects/Off,98.5,1,83,46,1,1,0,0,,,,0,1,1,0,0,,参考图逐页复核；保留节点绑定
1625,settings:Effects/Off/Track,settings,Effects/Off/Track,0,0,83,46,1,1,0,0,,,,0,1,1,0,1,button_disabled,参考图逐页复核；保留节点绑定
1626,settings:Effects/Off/Track/Artwork,settings,Effects/Off/Track/Artwork,0,0,83,46,1,1,0,0,,,,0,1,1,0,1,,参考图逐页复核；保留节点绑定
1627,settings:Effects/Off/Knob,settings,Effects/Off/Knob,-19.5,0,36,36,1,1,0,0,,,,0,1,1,0,1,circle_cream,参考图逐页复核；保留节点绑定
1628,settings:Effects/Off/Knob/Artwork,settings,Effects/Off/Knob/Artwork,0,0,36,36,1,1,0,0,,,,0,1,1,0,1,,参考图逐页复核；保留节点绑定
1629,settings:Effects/Off/Text,settings,Effects/Off/Text,20.5,0,33,30,1,1,15,20,Microsoft YaHei,#5c3020,,0,1,1,2,1,,参考图逐页复核；保留节点绑定
1630,settings:Effects/Title,settings,Effects/Title,-93,1,100,40,1,1,21,27,Microsoft YaHei,#5c3020,,0,1,1,2,1,,参考图逐页复核；保留节点绑定
1631,setting_row:root,setting_row,@,0,0,328,96,1,1,0,0,,,,0,1,1,0,1,,参考图逐页复核；保留节点绑定
1632,setting_row:Shadow,setting_row,Shadow,0,-4,328,96,1,1,0,0,,,,0,1,1,0,0,window_flat,参考图逐页复核；保留节点绑定
1633,setting_row:Shadow/Artwork,setting_row,Shadow/Artwork,0,0,328,96,1,1,0,0,,,,0,1,1,0,1,,参考图逐页复核；保留节点绑定
1634,setting_row:Surface,setting_row,Surface,0,0,328,96,1,1,0,0,,,,0,1,1,0,1,window_flat,参考图逐页复核；保留节点绑定
1635,setting_row:Surface/Artwork,setting_row,Surface/Artwork,0,0,328,96,1,1,0,0,,,,0,1,1,0,1,,参考图逐页复核；保留节点绑定
1636,setting_row:On,setting_row,On,98.5,1,83,46,1,1,0,0,,,,0,1,1,0,1,,参考图逐页复核；保留节点绑定
1637,setting_row:On/Track,setting_row,On/Track,0,0,83,46,1,1,0,0,,,,0,1,1,0,1,window_flat,参考图逐页复核；保留节点绑定
1638,setting_row:On/Track/Artwork,setting_row,On/Track/Artwork,0,0,83,46,1,1,0,0,,,,0,1,1,0,1,,参考图逐页复核；保留节点绑定
1639,setting_row:On/Knob,setting_row,On/Knob,19.5,0,36,36,1,1,0,0,,,,0,1,1,0,1,disc,参考图逐页复核；保留节点绑定
1640,setting_row:On/Knob/Artwork,setting_row,On/Knob/Artwork,0,0,36,36,1,1,0,0,,,,0,1,1,0,1,,参考图逐页复核；保留节点绑定
1641,setting_row:On/Text,setting_row,On/Text,-19.5,0,33,30,1,1,13,19,Microsoft YaHei,#5c3020,,0,1,1,2,1,,参考图逐页复核；保留节点绑定
1642,setting_row:Off,setting_row,Off,98.5,1,83,46,1,1,0,0,,,,0,1,1,0,0,,参考图逐页复核；保留节点绑定
1643,setting_row:Off/Track,setting_row,Off/Track,0,0,83,46,1,1,0,0,,,,0,1,1,0,1,window_flat,参考图逐页复核；保留节点绑定
1644,setting_row:Off/Track/Artwork,setting_row,Off/Track/Artwork,0,0,83,46,1,1,0,0,,,,0,1,1,0,1,,参考图逐页复核；保留节点绑定
1645,setting_row:Off/Knob,setting_row,Off/Knob,-19.5,0,36,36,1,1,0,0,,,,0,1,1,0,1,disc,参考图逐页复核；保留节点绑定
1646,setting_row:Off/Knob/Artwork,setting_row,Off/Knob/Artwork,0,0,36,36,1,1,0,0,,,,0,1,1,0,1,,参考图逐页复核；保留节点绑定
1647,setting_row:Off/Text,setting_row,Off/Text,20.5,0,33,30,1,1,13,19,Microsoft YaHei,#5c3020,,0,1,1,2,1,,参考图逐页复核；保留节点绑定
1648,setting_row:Title,setting_row,Title,-93,1,100,40,1,1,21,27,Microsoft YaHei,#5c3020,,0,1,1,2,1,,参考图逐页复核；保留节点绑定
1649,toast:root,toast,@,0,0,304,38,1,1,0,0,,,,0,1,1,0,1,,参考图逐页复核；保留节点绑定
1650,toast:Surface,toast,Surface,0,0,304,38,1,1,0,0,,,,0,1,1,0,1,window_flat,参考图逐页复核；保留节点绑定
1651,toast:Surface/Artwork,toast,Surface/Artwork,0,0,304,38,1,1,0,0,,,,0,1,1,0,1,,参考图逐页复核；保留节点绑定
1652,toast:Text,toast,Text,0,0,290,30,1,1,13,17,Microsoft YaHei,#5c3020,,0,1,1,2,1,,参考图逐页复核；保留节点绑定
1653,wave_preview:root,wave_preview,@,0,0,358,175,1,1,0,0,,,,0,1,1,0,1,,参考图逐页复核；保留节点绑定
1654,wave_preview:Panel,wave_preview,Panel,0,0,358,175,1,1,0,0,,,,0,1,1,0,1,,参考图逐页复核；保留节点绑定
1655,wave_preview:Panel/Shadow,wave_preview,Panel/Shadow,0,-4,358,175,1,1,0,0,,,,0,1,1,0,0,window_flat,参考图逐页复核；保留节点绑定
1656,wave_preview:Panel/Shadow/Artwork,wave_preview,Panel/Shadow/Artwork,0,0,358,175,1,1,0,0,,,,0,1,1,0,1,,参考图逐页复核；保留节点绑定
1657,wave_preview:Panel/Surface,wave_preview,Panel/Surface,0,0,358,175,1,1,0,0,,,,0,1,1,0,1,window_flat,参考图逐页复核；保留节点绑定
1658,wave_preview:Panel/Surface/Artwork,wave_preview,Panel/Surface/Artwork,0,0,358,175,1,1,0,0,,,,0,1,1,0,1,,参考图逐页复核；保留节点绑定
1659,wave_preview:Cards,wave_preview,Cards,0,-19,334,137,1,1,0,0,,,,0,1,1,0,1,,参考图逐页复核；保留节点绑定
1660,wave_preview:Cards/Slot0,wave_preview,Cards/Slot0,-135,36,64,65,1,1,0,0,,,,0,1,1,0,1,,参考图逐页复核；保留节点绑定
1661,wave_preview:Cards/Slot1,wave_preview,Cards/Slot1,-68,36,64,65,1,1,0,0,,,,0,1,1,0,1,,参考图逐页复核；保留节点绑定
1662,wave_preview:Cards/Slot2,wave_preview,Cards/Slot2,-1,36,64,65,1,1,0,0,,,,0,1,1,0,1,,参考图逐页复核；保留节点绑定
1663,wave_preview:Cards/Slot3,wave_preview,Cards/Slot3,66,36,64,65,1,1,0,0,,,,0,1,1,0,1,,参考图逐页复核；保留节点绑定
1664,wave_preview:Cards/Slot4,wave_preview,Cards/Slot4,133,36,64,65,1,1,0,0,,,,0,1,1,0,1,,参考图逐页复核；保留节点绑定
1665,wave_preview:Cards/Slot5,wave_preview,Cards/Slot5,-135,-31,64,65,1,1,0,0,,,,0,1,1,0,1,,参考图逐页复核；保留节点绑定
1666,wave_preview:Cards/Slot6,wave_preview,Cards/Slot6,-68,-31,64,65,1,1,0,0,,,,0,1,1,0,1,,参考图逐页复核；保留节点绑定
1667,wave_preview:Cards/Slot7,wave_preview,Cards/Slot7,-1,-31,64,65,1,1,0,0,,,,0,1,1,0,1,,参考图逐页复核；保留节点绑定
1668,wave_preview:Cards/Slot8,wave_preview,Cards/Slot8,66,-31,64,65,1,1,0,0,,,,0,1,1,0,1,,参考图逐页复核；保留节点绑定
1669,wave_preview:Cards/Slot9,wave_preview,Cards/Slot9,133,-31,64,65,1,1,0,0,,,,0,1,1,0,1,,参考图逐页复核；保留节点绑定
1670,wave_preview:Title,wave_preview,Title,0,67.5,270,28,1,1,15,21,Microsoft YaHei,#5c3020,,0,1,1,2,1,,参考图逐页复核；保留节点绑定
1671,win:root,win,@,0,0,390,693.68,1,1,0,0,,,,0,1,1,0,1,,参考图逐页复核；保留节点绑定
1672,win:Dim,win,Dim,0,0,390,693.68,1,1,0,0,,,,0,1,1,0,1,round_0,参考图逐页复核；保留节点绑定
1673,win:Dim/Artwork,win,Dim/Artwork,0,0,390,693.68,1,1,0,0,,,,0,1,1,0,1,,参考图逐页复核；保留节点绑定
1674,win:Panel,win,Panel,0,-28.160000000000025,330,410,1,1,0,0,,,,0,1,1,0,1,,参考图逐页复核；保留节点绑定
1675,win:Panel/Shadow,win,Panel/Shadow,0,-4,330,410,1,1,0,0,,,,0,1,1,0,0,window_flat,参考图逐页复核；保留节点绑定
1676,win:Panel/Shadow/Artwork,win,Panel/Shadow/Artwork,0,0,330,410,1,1,0,0,,,,0,1,1,0,1,,参考图逐页复核；保留节点绑定
1677,win:Panel/Surface,win,Panel/Surface,0,0,330,410,1,1,0,0,,,,0,1,1,0,1,window_flat,参考图逐页复核；保留节点绑定
1678,win:Panel/Surface/Artwork,win,Panel/Surface/Artwork,0,0,330,410,1,1,0,0,,,,0,1,1,0,1,,参考图逐页复核；保留节点绑定
1679,win:Awning0,win,Awning0,-116.44444444444444,160.83999999999997,29.11111111111111,12,1,1,0,0,,,,0,1,1,0,0,round_4,参考图逐页复核；保留节点绑定
1680,win:Awning0/Artwork,win,Awning0/Artwork,0,0,29.11111111111111,12,1,1,0,0,,,,0,1,1,0,1,,参考图逐页复核；保留节点绑定
1681,win:Awning1,win,Awning1,-87.33333333333333,160.83999999999997,29.11111111111111,12,1,1,0,0,,,,0,1,1,0,0,round_4,参考图逐页复核；保留节点绑定
1682,win:Awning1/Artwork,win,Awning1/Artwork,0,0,29.11111111111111,12,1,1,0,0,,,,0,1,1,0,1,,参考图逐页复核；保留节点绑定
1683,win:Awning2,win,Awning2,-58.22222222222223,160.83999999999997,29.11111111111111,12,1,1,0,0,,,,0,1,1,0,0,round_4,参考图逐页复核；保留节点绑定
1684,win:Awning2/Artwork,win,Awning2/Artwork,0,0,29.11111111111111,12,1,1,0,0,,,,0,1,1,0,1,,参考图逐页复核；保留节点绑定
1685,win:Awning3,win,Awning3,-29.111111111111143,160.83999999999997,29.11111111111111,12,1,1,0,0,,,,0,1,1,0,0,round_4,参考图逐页复核；保留节点绑定
1686,win:Awning3/Artwork,win,Awning3/Artwork,0,0,29.11111111111111,12,1,1,0,0,,,,0,1,1,0,1,,参考图逐页复核；保留节点绑定
1687,win:Awning4,win,Awning4,0,160.83999999999997,29.11111111111111,12,1,1,0,0,,,,0,1,1,0,0,round_4,参考图逐页复核；保留节点绑定
1688,win:Awning4/Artwork,win,Awning4/Artwork,0,0,29.11111111111111,12,1,1,0,0,,,,0,1,1,0,1,,参考图逐页复核；保留节点绑定
1689,win:Awning5,win,Awning5,29.111111111111086,160.83999999999997,29.11111111111111,12,1,1,0,0,,,,0,1,1,0,0,round_4,参考图逐页复核；保留节点绑定
1690,win:Awning5/Artwork,win,Awning5/Artwork,0,0,29.11111111111111,12,1,1,0,0,,,,0,1,1,0,1,,参考图逐页复核；保留节点绑定
1691,win:Awning6,win,Awning6,58.2222222222222,160.83999999999997,29.11111111111111,12,1,1,0,0,,,,0,1,1,0,0,round_4,参考图逐页复核；保留节点绑定
1692,win:Awning6/Artwork,win,Awning6/Artwork,0,0,29.11111111111111,12,1,1,0,0,,,,0,1,1,0,1,,参考图逐页复核；保留节点绑定
1693,win:Awning7,win,Awning7,87.33333333333331,160.83999999999997,29.11111111111111,12,1,1,0,0,,,,0,1,1,0,0,round_4,参考图逐页复核；保留节点绑定
1694,win:Awning7/Artwork,win,Awning7/Artwork,0,0,29.11111111111111,12,1,1,0,0,,,,0,1,1,0,1,,参考图逐页复核；保留节点绑定
1695,win:Awning8,win,Awning8,116.44444444444446,160.83999999999997,29.11111111111111,12,1,1,0,0,,,,0,1,1,0,0,round_4,参考图逐页复核；保留节点绑定
1696,win:Awning8/Artwork,win,Awning8/Artwork,0,0,29.11111111111111,12,1,1,0,0,,,,0,1,1,0,1,,参考图逐页复核；保留节点绑定
1697,win:Unlocks,win,Unlocks,0,-41.160000000000025,258,72,1,1,0,0,,,,0,1,1,0,1,,参考图逐页复核；保留节点绑定
1698,win:Unlocks/Slot0,win,Unlocks/Slot0,-86,0,86,72,1,1,0,0,,,,0,1,1,0,1,,参考图逐页复核；保留节点绑定
1699,win:Unlocks/Slot0/Portrait,win,Unlocks/Slot0/Portrait,0,8,53,53,1,1,0,0,,,,0,1,1,0,1,,参考图逐页复核；保留节点绑定
1700,win:Unlocks/Slot0/Name,win,Unlocks/Slot0/Name,0,-26,84,20,1,1,13,19,Microsoft YaHei,#5c3020,,0,1,1,2,1,,参考图逐页复核；保留节点绑定
1701,win:Unlocks/Slot1,win,Unlocks/Slot1,0,0,86,72,1,1,0,0,,,,0,1,1,0,1,,参考图逐页复核；保留节点绑定
1702,win:Unlocks/Slot1/Portrait,win,Unlocks/Slot1/Portrait,0,8,53,53,1,1,0,0,,,,0,1,1,0,1,,参考图逐页复核；保留节点绑定
1703,win:Unlocks/Slot1/Name,win,Unlocks/Slot1/Name,0,-26,84,20,1,1,13,19,Microsoft YaHei,#5c3020,,0,1,1,2,1,,参考图逐页复核；保留节点绑定
1704,win:Unlocks/Slot2,win,Unlocks/Slot2,86,0,86,72,1,1,0,0,,,,0,1,1,0,1,,参考图逐页复核；保留节点绑定
1705,win:Unlocks/Slot2/Portrait,win,Unlocks/Slot2/Portrait,0,8,53,53,1,1,0,0,,,,0,1,1,0,1,,参考图逐页复核；保留节点绑定
1706,win:Unlocks/Slot2/Name,win,Unlocks/Slot2/Name,0,-26,84,20,1,1,13,19,Microsoft YaHei,#5c3020,,0,1,1,2,1,,参考图逐页复核；保留节点绑定
1707,win:PanelAnchor,win,PanelAnchor,0,-28.160000000000025,330,410,1,1,0,0,,,,0,1,1,0,0,,参考图逐页复核；保留节点绑定
1708,win:PrimaryAnchor,win,PrimaryAnchor,0,-121.16000000000003,246,48,1,1,0,0,,,,0,1,1,0,0,,参考图逐页复核；保留节点绑定
1709,win:HomeAnchor,win,HomeAnchor,0,-187.16000000000003,246,48,1,1,0,0,,,,0,1,1,0,0,,参考图逐页复核；保留节点绑定
1710,win:overlayTitle,win,overlayTitle,0,130.83999999999997,286,45,1,1,27,31,Microsoft YaHei,#5c3020,,0,1,1,2,1,,参考图逐页复核；保留节点绑定
1711,win:overlayStats,win,overlayStats,0,79.83999999999997,270,58,1,1,14,18,Microsoft YaHei,#5c3020,,0,1,1,2,1,,参考图逐页复核；保留节点绑定
1712,win:overlayNote,win,overlayNote,0,-107.16000000000003,270,24,1,1,13,17,Microsoft YaHei,#5c3020,,0,1,1,2,1,,参考图逐页复核；保留节点绑定
1713,win:Summary,win,Summary,0,30.839999999999975,280,66,1,1,14,20,Microsoft YaHei,#5c3020,,0,1,1,2,1,,参考图逐页复核；保留节点绑定
1714,win:Primary,win,Primary,0,-121.16000000000003,246,48,1,1,0,0,,,,0,1,1,0,1,,参考图逐页复核；保留节点绑定
1715,win:Primary/Shadow,win,Primary/Shadow,0,-3,246,48,1,1,0,0,,,,0,1,1,0,0,window_flat,参考图逐页复核；保留节点绑定
1716,win:Primary/Shadow/Artwork,win,Primary/Shadow/Artwork,0,0,246,48,1,1,0,0,,,,0,1,1,0,1,,参考图逐页复核；保留节点绑定
1717,win:Primary/Surface,win,Primary/Surface,0,0,246,48,1,1,0,0,,,,0,1,1,0,1,button_gold,参考图逐页复核；保留节点绑定
1718,win:Primary/Surface/Artwork,win,Primary/Surface/Artwork,0,0,246,48,1,1,0,0,,,,0,1,1,0,1,,参考图逐页复核；保留节点绑定
1719,win:Primary/Outline,win,Primary/Outline,0,0,246,48,1,1,0,0,,,,0,1,1,0,0,outline_14_1p8,参考图逐页复核；保留节点绑定
1720,win:Primary/Outline/Artwork,win,Primary/Outline/Artwork,0,0,250,52,1,1,0,0,,,,0,1,1,0,1,,参考图逐页复核；保留节点绑定
1721,win:Primary/Highlight,win,Primary/Highlight,0,20,218,2,1,1,0,0,,,,0,1,1,0,0,shape_f3936d303b,参考图逐页复核；保留节点绑定
1722,win:Primary/Highlight/Artwork,win,Primary/Highlight/Artwork,0,0,224,8,1,1,0,0,,,,0,1,1,0,1,,参考图逐页复核；保留节点绑定
1723,win:Primary/Disabled,win,Primary/Disabled,0,0,246,48,1,1,0,0,,,,0,1,1,0,0,button_disabled,参考图逐页复核；保留节点绑定
1724,win:Primary/Disabled/Artwork,win,Primary/Disabled/Artwork,0,0,246,48,1,1,0,0,,,,0,1,1,0,1,,参考图逐页复核；保留节点绑定
1725,win:Primary/overlayPrimary,win,Primary/overlayPrimary,0,0,238,44,1,1,17,21,Microsoft YaHei,#5c3020,,0,1,1,2,1,,参考图逐页复核；保留节点绑定
1726,win:Secondary,win,Secondary,0,-151.16000000000003,246,48,1,1,0,0,,,,0,1,1,0,0,,参考图逐页复核；保留节点绑定
1727,win:Secondary/Shadow,win,Secondary/Shadow,0,-3,246,48,1,1,0,0,,,,0,1,1,0,0,window_flat,参考图逐页复核；保留节点绑定
1728,win:Secondary/Shadow/Artwork,win,Secondary/Shadow/Artwork,0,0,246,48,1,1,0,0,,,,0,1,1,0,1,,参考图逐页复核；保留节点绑定
1729,win:Secondary/Surface,win,Secondary/Surface,0,0,246,48,1,1,0,0,,,,0,1,1,0,1,button_green,参考图逐页复核；保留节点绑定
1730,win:Secondary/Surface/Artwork,win,Secondary/Surface/Artwork,0,0,246,48,1,1,0,0,,,,0,1,1,0,1,,参考图逐页复核；保留节点绑定
1731,win:Secondary/Outline,win,Secondary/Outline,0,0,246,48,1,1,0,0,,,,0,1,1,0,0,outline_14_1p8,参考图逐页复核；保留节点绑定
1732,win:Secondary/Outline/Artwork,win,Secondary/Outline/Artwork,0,0,250,52,1,1,0,0,,,,0,1,1,0,1,,参考图逐页复核；保留节点绑定
1733,win:Secondary/Highlight,win,Secondary/Highlight,0,20,218,2,1,1,0,0,,,,0,1,1,0,0,shape_f3936d303b,参考图逐页复核；保留节点绑定
1734,win:Secondary/Highlight/Artwork,win,Secondary/Highlight/Artwork,0,0,224,8,1,1,0,0,,,,0,1,1,0,1,,参考图逐页复核；保留节点绑定
1735,win:Secondary/Disabled,win,Secondary/Disabled,0,0,246,48,1,1,0,0,,,,0,1,1,0,0,button_disabled,参考图逐页复核；保留节点绑定
1736,win:Secondary/Disabled/Artwork,win,Secondary/Disabled/Artwork,0,0,246,48,1,1,0,0,,,,0,1,1,0,1,,参考图逐页复核；保留节点绑定
1737,win:Secondary/overlaySecondary,win,Secondary/overlaySecondary,0,0,238,44,1,1,17,21,Microsoft YaHei,#5c3020,,0,1,1,2,1,,参考图逐页复核；保留节点绑定
1738,win:Home,win,Home,0,-187.16000000000003,246,48,1,1,0,0,,,,0,1,1,0,1,,参考图逐页复核；保留节点绑定
1739,win:Home/Shadow,win,Home/Shadow,0,-3,246,48,1,1,0,0,,,,0,1,1,0,0,window_flat,参考图逐页复核；保留节点绑定
1740,win:Home/Shadow/Artwork,win,Home/Shadow/Artwork,0,0,246,48,1,1,0,0,,,,0,1,1,0,1,,参考图逐页复核；保留节点绑定
1741,win:Home/Surface,win,Home/Surface,0,0,246,48,1,1,0,0,,,,0,1,1,0,1,button_green,参考图逐页复核；保留节点绑定
1742,win:Home/Surface/Artwork,win,Home/Surface/Artwork,0,0,246,48,1,1,0,0,,,,0,1,1,0,1,,参考图逐页复核；保留节点绑定
1743,win:Home/Outline,win,Home/Outline,0,0,246,48,1,1,0,0,,,,0,1,1,0,0,outline_14_1p8,参考图逐页复核；保留节点绑定
1744,win:Home/Outline/Artwork,win,Home/Outline/Artwork,0,0,250,52,1,1,0,0,,,,0,1,1,0,1,,参考图逐页复核；保留节点绑定
1745,win:Home/Highlight,win,Home/Highlight,0,20,218,2,1,1,0,0,,,,0,1,1,0,0,shape_f3936d303b,参考图逐页复核；保留节点绑定
1746,win:Home/Highlight/Artwork,win,Home/Highlight/Artwork,0,0,224,8,1,1,0,0,,,,0,1,1,0,1,,参考图逐页复核；保留节点绑定
1747,win:Home/Disabled,win,Home/Disabled,0,0,246,48,1,1,0,0,,,,0,1,1,0,0,button_disabled,参考图逐页复核；保留节点绑定
1748,win:Home/Disabled/Artwork,win,Home/Disabled/Artwork,0,0,246,48,1,1,0,0,,,,0,1,1,0,1,,参考图逐页复核；保留节点绑定
1749,win:Home/overlayHome,win,Home/overlayHome,0,0,238,44,1,1,16,20,Microsoft YaHei,#5c3020,,0,1,1,2,1,,参考图逐页复核；保留节点绑定
1750,loading:ProgressStart,loading,ProgressStart,-118,-245,0,0,1,1,0,0,,,,0,1,1,2,0,,独立PNG头像模板/进度端头锚点
1751,loading:ProgressEnd,loading,ProgressEnd,118,-245,0,0,1,1,0,0,,,,0,1,1,2,0,,独立PNG头像模板/进度端头锚点
1752,loadout_card:Icon/Portrait,loadout_card,Icon/Portrait,0,-13,100,100,1,1,0,0,,,,0,1,1,0,1,,独立PNG头像模板/进度端头锚点
1753,challenge_staff_card:Icon/Portrait,challenge_staff_card,Icon/Portrait,0,-13,100,100,1,1,0,0,,,,0,1,1,0,1,,独立PNG头像模板/进度端头锚点
1754,collection:ShelfRow0,collection,ShelfRow0,0,58,316,14,1,1,0,0,,,,0,1,1,0,1,shelf,逐页效果图复核：单张PNG/完整边界
1755,collection:ShelfRow0/Artwork,collection,ShelfRow0/Artwork,0,0,316,14,1,1,0,0,,,,0,1,1,0,1,,逐页效果图复核：单张PNG/完整边界
1756,collection:ShelfRow1,collection,ShelfRow1,0,-85,316,14,1,1,0,0,,,,0,1,1,0,1,shelf,逐页效果图复核：单张PNG/完整边界
1757,collection:ShelfRow1/Artwork,collection,ShelfRow1/Artwork,0,0,316,14,1,1,0,0,,,,0,1,1,0,1,,逐页效果图复核：单张PNG/完整边界
1758,collection:ShelfRow2,collection,ShelfRow2,0,-228,316,14,1,1,0,0,,,,0,1,1,0,1,shelf,逐页效果图复核：单张PNG/完整边界
1759,collection:ShelfRow2/Artwork,collection,ShelfRow2/Artwork,0,0,316,14,1,1,0,0,,,,0,1,1,0,1,,逐页效果图复核：单张PNG/完整边界
